{"stats":{"minecraft:broken":{"minecraft:stone_pickaxe":1,"minecraft:stone_shovel":1,"magistuarmory:rustedhalfarmor_chestplate":1,"minecraft:iron_pickaxe":1,"minecraft:iron_helmet":1},"minecraft:killed_by":{"minecraft:creeper":5,"minecraft:zombie":4,"iceandfire:fire_dragon":3,"minecraft:player":10,"alexsmobs:tiger":1,"minecraft:skeleton":8},"minecraft:mined":{"minecraft:dark_oak_planks":2,"minecraft:spruce_planks":99,"minecraft:white_bed":6,"minecraft:cobblestone_stairs":3,"minecraft:jungle_leaves":1,"minecraft:spruce_trapdoor":1,"minecraft:granite":3,"minecraft:grass_block":118,"iceandfire:lectern":1,"minecraft:oak_pressure_plate":1,"minecraft:spawner":2,"minecraft:iron_ore":108,"minecraft:black_carpet":28,"minecraft:deepslate_lapis_ore":8,"minecraft:stripped_dark_oak_wood":1,"minecraft:brown_bed":1,"iceandfire:gold_pile":3,"minecraft:dirt_path":7,"minecraft:oak_stairs":2,"minecraft:white_banner":2,"minecraft:red_bed":1,"minecraft:blackstone":1,"minecraft:clay":1,"minecraft:torch":26,"minecraft:chest":10,"minecraft:cobblestone":60,"minecraft:oak_planks":1,"minecraft:wall_torch":23,"minecraft:birch_log":38,"minecraft:grass":9,"minecraft:oak_log":20,"minecraft:dirt":164,"minecraft:oak_leaves":106,"minecraft:deepslate":6,"minecraft:tuff":56,"iceandfire:silver_ore":3,"minecraft:dark_oak_leaves":10,"minecraft:dark_oak_log":23,"minecraft:allium":1,"minecraft:kelp":1,"minecraft:large_fern":2,"minecraft:hay_block":51,"minecraft:furnace":17,"iceandfire:copper_ore":1,"minecraft:deepslate_iron_ore":25,"minecraft:vine":1,"minecraft:bamboo":5,"minecraft:stone":260,"iceandfire:pixie_jar_empty":1,"minecraft:podzol":1,"minecraft:acacia_leaves":8,"minecraft:dandelion":1,"minecraft:oak_fence":1,"minecraft:crafting_table":12,"minecraft:tall_grass":5,"minecraft:deepslate_coal_ore":12,"minecraft:deepslate_gold_ore":4,"minecraft:birch_planks":26,"minecraft:coarse_dirt":1,"minecraft:sweet_berry_bush":1,"minecraft:white_carpet":29,"minecraft:spruce_log":122,"minecraft:birch_leaves":2,"minecraft:white_wall_banner":4,"minecraft:coal_ore":105,"iceandfire:silver_pile":3,"minecraft:cobweb":3,"minecraft:terracotta":2,"minecraft:fern":5},"minecraft:custom":{"minecraft:interact_with_crafting_table":41,"minecraft:open_barrel":6,"minecraft:bell_ring":53,"minecraft:leave_game":8,"minecraft:time_since_death":23186,"minecraft:sprint_one_cm":996545,"minecraft:damage_blocked_by_shield":2568,"minecraft:drop":186,"minecraft:play_time":451953,"minecraft:deaths":35,"tombstone:tomb_raiding":2,"minecraft:jump":7165,"minecraft:walk_on_water_one_cm":95828,"minecraft:interact_with_furnace":86,"minecraft:sleep_in_bed":7,"minecraft:damage_dealt":18621,"minecraft:interact_with_beacon":8,"minecraft:player_kills":16,"minecraft:crouch_one_cm":6474,"tombstone:undead_killed":26,"minecraft:mob_kills":83,"minecraft:climb_one_cm":8870,"minecraft:walk_one_cm":971084,"minecraft:sneak_time":3886,"minecraft:walk_under_water_one_cm":53101,"minecraft:boat_one_cm":65669,"minecraft:total_world_time":451953,"tombstone:raider_killed":26,"minecraft:time_since_rest":6672,"minecraft:damage_taken":17323,"minecraft:swim_one_cm":106815,"minecraft:fly_one_cm":1474997,"minecraft:open_chest":118,"minecraft:fall_one_cm":213227},"minecraft:crafted":{"minecraft:oak_planks":40,"minecraft:cobblestone_slab":42,"minecraft:cooked_chicken":4,"minecraft:cobblestone_stairs":28,"minecraft:cooked_mutton":4,"minecraft:iron_boots":3,"minecraft:chest":8,"sophisticatedbackpacks:backpack":1,"minecraft:cooked_porkchop":9,"minecraft:crafting_table":2,"minecraft:spruce_planks":232,"minecraft:iron_helmet":3,"minecraft:birch_planks":108,"minecraft:iron_chestplate":3,"minecraft:shield":4,"minecraft:stick":160,"minecraft:iron_ingot":152,"minecraft:iron_pickaxe":3,"minecraft:stone_sword":1,"minecraft:gold_ingot":1,"minecraft:stone_shovel":7,"minecraft:furnace":4,"minecraft:bone_meal":15,"minecraft:iron_axe":1,"minecraft:stone_pickaxe":3,"minecraft:dark_oak_planks":92,"minecraft:wheat":324,"sophisticatedbackpacks:iron_backpack":1,"minecraft:cooked_beef":10,"iceandfire:silver_ingot":12,"minecraft:iron_sword":2,"minecraft:cooked_salmon":2,"minecraft:bucket":1,"minecraft:stone_axe":1,"minecraft:bread":108,"minecraft:air":0,"minecraft:oak_boat":1,"minecraft:wooden_axe":1,"minecraft:iron_shovel":1,"minecraft:iron_leggings":3,"minecraft:torch":8},"minecraft:dropped":{"minecraft:iron_sword":4,"minecraft:birch_planks":2,"minecraft:porkchop":4,"minecraft:oak_pressure_plate":2,"minecraft:diamond":3,"minecraft:crafting_table":1,"minecraft:dark_oak_sapling":1,"minecraft:cooked_porkchop":5,"minecraft:crossbow":1,"minecraft:leather":4,"magistuarmory:rustednorman_helmet":2,"minecraft:dirt":236,"minecraft:cooked_cod":1,"minecraft:iron_pickaxe":3,"minecraft:dark_oak_planks":5,"minecraft:birch_log":1,"minecraft:bone":1,"minecraft:gravel":2,"minecraft:stone_axe":2,"minecraft:cooked_chicken":4,"minecraft:cobbled_deepslate":14,"minecraft:birch_sapling":1,"tombstone:gift":1,"minecraft:rotten_flesh":7,"minecraft:oak_planks":4,"minecraft:cooked_mutton":3,"iceandfire:copper_ore":1,"minecraft:charcoal":1,"minecraft:azalea":1,"minecraft:chest":1,"betteranimalsplus:antler":4,"minecraft:arrow":72,"minecraft:water_bucket":1,"minecraft:enchanted_book":2,"minecraft:bread":43,"minecraft:iron_ingot":38,"minecraft:oak_slab":1,"minecraft:wheat_seeds":10,"magistuarmory:rustedkettlehat":1,"minecraft:oak_fence":1,"minecraft:iron_helmet":1,"minecraft:cobblestone":12,"minecraft:apple":2,"minecraft:coal":11,"minecraft:stick":4,"illagerinvasion:platinum_chunk":10,"mca:book_romance":2,"minecraft:wooden_axe":1,"minecraft:cooked_salmon":2,"tombstone:grave_dust":1,"minecraft:iron_leggings":4,"minecraft:oak_stairs":4,"minecraft:white_banner":4,"minecraft:iron_axe":2,"minecraft:smooth_stone":6,"minecraft:iron_shovel":1,"minecraft:string":8,"minecraft:spruce_sapling":5,"iceandfire:silver_nugget":1,"minecraft:furnace":3,"minecraft:kelp":1,"minecraft:stone_sword":1,"minecraft:raw_copper":4,"minecraft:tuff":10,"minecraft:stone_shovel":10,"minecraft:white_carpet":1,"minecraft:clay_ball":4,"minecraft:iron_boots":3,"iceandfire:silver_ore":2,"minecraft:smoker":2,"sophisticatedbackpacks:backpack":1,"minecraft:filled_map":2,"minecraft:shield":3,"minecraft:allium":1,"minecraft:spruce_planks":47,"minecraft:iron_chestplate":5,"iceandfire:silver_ingot":19,"minecraft:oak_sapling":4,"minecraft:brown_bed":1,"minecraft:spruce_log":46,"minecraft:bow":1,"minecraft:stone_pickaxe":2,"minecraft:wooden_pickaxe":1},"minecraft:picked_up":{"minecraft:iron_chestplate":3,"minecraft:black_carpet":19,"illagerinvasion:platinum_chunk":11,"iceandfire:copper_ore":1,"minecraft:oak_stairs":4,"minecraft:brown_bed":1,"minecraft:enchanted_book":1,"iceandfire:manuscript":12,"minecraft:string":9,"minecraft:iron_leggings":1,"minecraft:armor_stand":1,"minecraft:gold_nugget":18,"minecraft:cobbled_deepslate":29,"minecraft:spruce_planks":461,"minecraft:iron_pickaxe":1,"minecraft:furnace":14,"minecraft:stick":4,"minecraft:oak_fence":3,"minecraft:torch":61,"iceandfire:silver_ore":4,"minecraft:porkchop":13,"tombstone:grave_dust":4,"minecraft:rotten_flesh":15,"minecraft:cobblestone":369,"minecraft:birch_log":37,"minecraft:feather":5,"minecraft:tuff":263,"minecraft:lapis_lazuli":57,"minecraft:dirt":503,"minecraft:bone":6,"minecraft:wheat_seeds":16,"minecraft:raw_gold":5,"minecraft:bamboo":60,"minecraft:oak_planks":1,"minecraft:cooked_porkchop":2,"minecraft:oak_pressure_plate":2,"minecraft:stripped_spruce_log":1,"minecraft:dark_oak_log":23,"minecraft:bundle":1,"iceandfire:lectern":1,"minecraft:granite":4,"minecraft:crossbow":1,"minecraft:emerald":12,"minecraft:bread":1,"minecraft:oak_sapling":10,"iceandfire:silver_nugget":10,"minecraft:coarse_dirt":1,"minecraft:crafting_table":14,"minecraft:allium":2,"minecraft:chicken":3,"minecraft:clay_ball":12,"minecraft:red_bed":1,"minecraft:iron_axe":1,"minecraft:white_carpet":23,"minecraft:blackstone":2,"minecraft:beef":8,"minecraft:oak_boat":2,"magistuarmory:knight_leggings":1,"magistuarmory:knight_boots":1,"minecraft:chest":12,"minecraft:birch_sapling":1,"minecraft:spruce_trapdoor":1,"minecraft:egg":2,"minecraft:dark_oak_sapling":15,"minecraft:raw_iron":137,"minecraft:dark_oak_planks":52,"minecraft:stone_shovel":5,"minecraft:arrow":8,"minecraft:cooked_cod":2,"minecraft:hay_block":53,"minecraft:stripped_dark_oak_wood":1,"minecraft:pink_tulip":1,"minecraft:mutton":2,"minecraft:white_wool":1,"magistuarmory:rustedhalfarmor_chestplate":2,"minecraft:leather":10,"magistuarmory:armet":1,"minecraft:filled_map":1,"minecraft:birch_planks":82,"minecraft:oak_log":20,"minecraft:cobblestone_stairs":1,"mca:book_romance":2,"minecraft:white_banner":9,"minecraft:apple":2,"minecraft:kelp":1,"betteranimalsplus:antler":4,"minecraft:iron_ingot":4,"minecraft:iron_sword":3,"minecraft:sweet_berries":2,"minecraft:dandelion":3,"magistuarmory:knight_chestplate":1,"magistuarmory:rustednorman_helmet":1,"minecraft:spruce_sapling":10,"minecraft:white_bed":4,"minecraft:spruce_log":232,"magistuarmory:rustedchainmail_leggings":1,"betteranimalsplus:eel_meat_raw":1,"minecraft:stone_axe":1,"minecraft:iron_helmet":1,"minecraft:terracotta":2,"tombstone:magic_scroll":1,"minecraft:coal":169},"minecraft:killed":{"minecraft:spider":2,"minecraft:skeleton":7,"minecraft:chicken":3,"alexsmobs:skelewag":1,"minecraft:skeleton_horse":1,"minecraft:pig":6,"minecraft:sheep":1,"minecraft:pillager":26,"minecraft:zombie":16,"betteranimalsplus:reindeer":1,"minecraft:cow":4,"mca:female_zombie_villager":1,"alexsmobs:tiger":1,"alexsmobs:seagull":6,"alexsmobs:gorilla":1,"betteranimalsplus:eel_saltwater":1,"medieval_craft:viking_1":1,"medieval_craft:viking_2":1},"minecraft:used":{"iceandfire:lectern":1,"magistuarmory:wood_heavymace":6,"minecraft:iron_shovel":222,"minecraft:spruce_slab":8,"minecraft:black_carpet":16,"minecraft:chest":17,"minecraft:shield":50,"minecraft:iron_sword":241,"minecraft:stone":11,"medieval_craft:viking_1_spawn_egg":1,"minecraft:deepslate_brick_slab":33,"minecraft:tuff":11,"minecraft:glass":4,"minecraft:stripped_dark_oak_wood":1,"alexsmobs:spawn_egg_gorilla":1,"minecraft:lantern":27,"minecraft:grass_block":10,"minecraft:dark_oak_leaves":2,"minecraft:dark_oak_slab":67,"minecraft:furnace":17,"minecraft:cooked_cod":3,"minecraft:red_stained_glass":1,"minecraft:stone_pickaxe":370,"minecraft:wooden_pickaxe":38,"minecraft:white_wool":1,"minecraft:golden_apple":1,"minecraft:stone_brick_wall":16,"minecraft:skeleton_horse_spawn_egg":4,"minecraft:birch_slab":18,"minecraft:bread":124,"tombstone:grave_key":14,"minecraft:deepslate":22,"betteranimalsplus:eel_meat_raw":1,"betteranimalsplus:piranha_spawn_egg":9,"minecraft:diamond_sword":11,"minecraft:white_stained_glass":4,"minecraft:birch_log":9,"minecraft:pink_stained_glass":4,"minecraft:oak_boat":2,"minecraft:coarse_dirt":1,"minecraft:oak_fence":1,"medieval_craft:lance":6,"minecraft:stone_sword":61,"minecraft:armor_stand":18,"minecraft:stone_shovel":157,"minecraft:spruce_planks":214,"minecraft:tinted_glass":2,"minecraft:cooked_salmon":3,"minecraft:cooked_chicken":3,"minecraft:orange_stained_glass":2,"minecraft:torch":96,"minecraft:dirt":126,"medieval_craft:viking_2_spawn_egg":1,"minecraft:white_carpet":18,"minecraft:spruce_fence":20,"minecraft:granite":3,"minecraft:stone_brick_slab":7,"minecraft:dark_oak_planks":23,"minecraft:wooden_axe":18,"minecraft:light_gray_stained_glass":1,"minecraft:yellow_stained_glass":1,"minecraft:iron_axe":358,"minecraft:golden_carrot":2,"tombstone:gift":3,"minecraft:cooked_beef":3,"minecraft:cooked_mutton":5,"minecraft:water_bucket":84,"minecraft:cobblestone_stairs":17,"minecraft:birch_planks":55,"minecraft:spruce_sign":5,"minecraft:beacon":6,"minecraft:diamond_block":69,"minecraft:terracotta":2,"minecraft:crafting_table":13,"minecraft:red_bed":1,"minecraft:white_bed":4,"minecraft:cyan_stained_glass":3,"minecraft:oak_log":7,"minecraft:apple":2,"minecraft:iron_pickaxe":287,"tombstone:magic_scroll":1,"minecraft:spruce_trapdoor":6,"minecraft:spruce_sapling":1,"minecraft:stone_axe":89,"minecraft:chiseled_stone_bricks":6,"minecraft:cobblestone":96,"minecraft:cobbled_deepslate_slab":32,"minecraft:porkchop":3,"minecraft:white_banner":4,"minecraft:cooked_porkchop":9,"minecraft:bucket":84,"minecraft:glass_pane":14,"minecraft:dandelion":3}},"DataVersion":2975}