{"stats":{"minecraft:broken":{"minecraft:iron_shovel":1,"minecraft:stone_pickaxe":1,"minecraft:stone_shovel":1,"magistuarmory:rustedhalfarmor_chestplate":1,"minecraft:iron_axe":2,"minecraft:iron_pickaxe":2,"minecraft:iron_helmet":1},"minecraft:killed":{"minecraft:spider":3,"minecraft:skeleton":9,"minecraft:chicken":3,"illagerinvasion:provoker":1,"alexsmobs:skelewag":1,"minecraft:skeleton_horse":1,"minecraft:pig":6,"minecraft:iron_golem":1,"minecraft:creeper":1,"minecraft:sheep":1,"minecraft:pillager":36,"minecraft:zombie":28,"betteranimalsplus:reindeer":1,"mca:male_villager":1,"minecraft:cow":6,"mca:female_zombie_villager":1,"alexsmobs:tiger":1,"minecraft:vindicator":1,"alexsmobs:seagull":6,"alexsmobs:gorilla":1,"betteranimalsplus:eel_saltwater":1,"medieval_craft:viking_1":1,"medieval_craft:viking_2":1,"alexsmobs:gazelle":1},"minecraft:mined":{"minecraft:dark_oak_planks":16,"minecraft:spruce_planks":113,"minecraft:white_bed":14,"minecraft:cobblestone_stairs":9,"minecraft:jungle_leaves":1,"minecraft:spruce_trapdoor":1,"minecraft:granite":145,"minecraft:grass_block":571,"iceandfire:lectern":1,"minecraft:oak_pressure_plate":1,"minecraft:spawner":2,"minecraft:iron_ore":110,"minecraft:black_carpet":28,"minecraft:deepslate_lapis_ore":8,"minecraft:stripped_dark_oak_wood":1,"minecraft:brown_bed":1,"iceandfire:gold_pile":3,"minecraft:dirt_path":10,"minecraft:oak_stairs":2,"minecraft:white_banner":2,"minecraft:red_bed":1,"minecraft:blackstone":1,"minecraft:clay":1,"minecraft:torch":38,"minecraft:chest":15,"minecraft:cobblestone":86,"minecraft:oak_planks":10,"minecraft:wall_torch":28,"minecraft:dark_oak_door":2,"minecraft:birch_log":320,"minecraft:grass":139,"minecraft:oak_log":138,"minecraft:dark_oak_sapling":1,"minecraft:dirt":209,"minecraft:oak_leaves":111,"minecraft:deepslate":6,"minecraft:tuff":117,"iceandfire:silver_ore":3,"minecraft:dark_oak_leaves":10,"minecraft:dark_oak_log":85,"minecraft:dark_oak_fence":17,"minecraft:allium":1,"minecraft:spruce_fence":4,"minecraft:kelp":1,"minecraft:large_fern":9,"minecraft:hay_block":51,"minecraft:spruce_sapling":1,"minecraft:furnace":17,"iceandfire:copper_ore":10,"minecraft:bell":1,"minecraft:potatoes":29,"minecraft:deepslate_iron_ore":25,"minecraft:vine":1,"minecraft:stripped_oak_log":1,"minecraft:bamboo":5,"minecraft:stone":583,"iceandfire:pixie_jar_empty":1,"minecraft:podzol":1,"minecraft:acacia_leaves":8,"minecraft:glass_pane":42,"minecraft:spruce_door":1,"minecraft:dandelion":1,"minecraft:oak_fence":1,"minecraft:crafting_table":13,"minecraft:tall_grass":36,"minecraft:deepslate_coal_ore":12,"minecraft:deepslate_gold_ore":4,"minecraft:spruce_stairs":1,"minecraft:birch_planks":35,"minecraft:coarse_dirt":82,"minecraft:sweet_berry_bush":1,"minecraft:gray_bed":2,"minecraft:white_carpet":29,"minecraft:spruce_log":207,"minecraft:birch_leaves":20,"minecraft:white_wall_banner":4,"minecraft:coal_ore":119,"iceandfire:silver_pile":3,"minecraft:cobweb":3,"minecraft:terracotta":2,"minecraft:fern":21,"paraglider:goddess_statue":2},"minecraft:crafted":{"minecraft:oak_planks":300,"minecraft:cobblestone_slab":42,"minecraft:cooked_chicken":4,"minecraft:stone":105,"minecraft:cobblestone_stairs":64,"minecraft:cooked_mutton":4,"iceandfire:armor_silver_metal_chestplate":1,"minecraft:iron_boots":4,"iceandfire:armor_silver_metal_leggings":1,"minecraft:chest":14,"sophisticatedbackpacks:backpack":1,"minecraft:cooked_porkchop":9,"minecraft:crafting_table":4,"minecraft:spruce_planks":448,"minecraft:iron_helmet":4,"minecraft:baked_potato":89,"minecraft:spruce_door":3,"minecraft:birch_planks":244,"minecraft:iron_chestplate":4,"minecraft:diamond_pickaxe":1,"minecraft:shield":4,"minecraft:stick":160,"minecraft:iron_ingot":170,"minecraft:iron_pickaxe":3,"minecraft:stone_sword":1,"minecraft:gold_ingot":1,"mca:sirben_baby_boy":1,"magistuarmory:stone_heatershield":1,"minecraft:stone_shovel":7,"magistuarmory:wood_heatershield":1,"minecraft:furnace":6,"minecraft:bone_meal":15,"minecraft:glass_pane":160,"minecraft:dark_oak_fence":30,"minecraft:iron_axe":4,"minecraft:stone_pickaxe":3,"minecraft:dark_oak_planks":228,"minecraft:wheat":324,"sophisticatedbackpacks:iron_backpack":2,"minecraft:cooked_beef":14,"iceandfire:silver_ingot":12,"minecraft:iron_sword":3,"minecraft:cooked_salmon":2,"minecraft:bucket":1,"minecraft:stone_axe":1,"minecraft:bread":108,"minecraft:air":0,"minecraft:oak_boat":1,"minecraft:wooden_axe":1,"minecraft:iron_shovel":3,"minecraft:iron_leggings":4,"minecraft:torch":8},"minecraft:picked_up":{"minecraft:iron_chestplate":3,"minecraft:black_carpet":19,"illagerinvasion:platinum_chunk":16,"iceandfire:copper_ore":10,"minecraft:oak_stairs":4,"minecraft:brown_bed":1,"minecraft:enchanted_book":1,"iceandfire:manuscript":12,"paraglider:goddess_statue":1,"minecraft:string":11,"minecraft:iron_leggings":1,"minecraft:armor_stand":1,"mca:blueprint":1,"minecraft:gold_nugget":18,"minecraft:cobbled_deepslate":29,"minecraft:spruce_planks":475,"minecraft:iron_pickaxe":1,"minecraft:furnace":14,"minecraft:dark_oak_door":2,"minecraft:stick":8,"minecraft:oak_fence":3,"minecraft:torch":84,"minecraft:spruce_stairs":1,"iceandfire:silver_ore":4,"minecraft:porkchop":13,"tombstone:grave_dust":4,"minecraft:rotten_flesh":29,"minecraft:cobblestone":721,"paraglider:paraglider":1,"minecraft:birch_log":318,"minecraft:feather":5,"minecraft:potato":84,"minecraft:tuff":324,"minecraft:lapis_lazuli":57,"minecraft:dirt":1000,"minecraft:bone":12,"minecraft:wheat_seeds":47,"minecraft:raw_gold":5,"minecraft:bell":1,"minecraft:bamboo":60,"minecraft:oak_planks":10,"minecraft:cooked_porkchop":2,"minecraft:oak_pressure_plate":2,"minecraft:stripped_spruce_log":1,"minecraft:dark_oak_log":84,"minecraft:bundle":1,"iceandfire:lectern":1,"minecraft:crossbow":2,"minecraft:granite":253,"minecraft:emerald":15,"minecraft:bread":1,"minecraft:oak_sapling":12,"minecraft:dark_oak_fence":23,"iceandfire:silver_nugget":10,"minecraft:coarse_dirt":82,"minecraft:crafting_table":15,"minecraft:allium":2,"minecraft:chicken":3,"minecraft:clay_ball":12,"iceandfire:fire_lily":1,"minecraft:red_bed":1,"minecraft:iron_axe":1,"minecraft:white_carpet":23,"minecraft:blackstone":2,"minecraft:glass_pane":49,"minecraft:beef":12,"minecraft:oak_boat":9,"magistuarmory:knight_leggings":1,"minecraft:poppy":1,"magistuarmory:knight_boots":1,"minecraft:chest":17,"minecraft:birch_sapling":3,"minecraft:spruce_trapdoor":1,"minecraft:egg":2,"minecraft:dark_oak_sapling":26,"minecraft:raw_iron":139,"minecraft:spruce_fence":8,"sophisticatedbackpacks:backpack":1,"minecraft:dark_oak_planks":66,"minecraft:arrow":12,"minecraft:stone_shovel":6,"minecraft:cooked_cod":2,"minecraft:hay_block":53,"minecraft:stripped_dark_oak_wood":1,"minecraft:pink_tulip":1,"minecraft:mutton":2,"minecraft:white_wool":5,"minecraft:stripped_oak_log":2,"magistuarmory:rustedhalfarmor_chestplate":2,"minecraft:golden_carrot":1,"minecraft:leather":13,"magistuarmory:armet":1,"minecraft:filled_map":1,"minecraft:birch_planks":91,"minecraft:oak_log":137,"minecraft:cobblestone_stairs":7,"mca:book_romance":2,"minecraft:white_banner":10,"minecraft:apple":2,"minecraft:kelp":1,"betteranimalsplus:antler":4,"minecraft:iron_ingot":7,"minecraft:gray_bed":2,"minecraft:iron_sword":3,"minecraft:dark_oak_stairs":1,"minecraft:sweet_berries":5,"minecraft:dandelion":3,"magistuarmory:knight_chestplate":1,"magistuarmory:rustednorman_helmet":1,"minecraft:spruce_sapling":13,"minecraft:spider_eye":1,"minecraft:white_bed":11,"minecraft:spruce_log":317,"magistuarmory:rustedchainmail_leggings":1,"minecraft:spruce_door":1,"betteranimalsplus:eel_meat_raw":1,"minecraft:stone_axe":1,"minecraft:iron_helmet":1,"minecraft:terracotta":2,"minecraft:baked_potato":1,"tombstone:magic_scroll":1,"minecraft:coal":183},"minecraft:killed_by":{"minecraft:creeper":5,"minecraft:zombie":4,"mca:female_villager":2,"iceandfire:fire_dragon":3,"alexsmobs:skelewag":2,"minecraft:player":11,"minecraft:iron_golem":1,"alexsmobs:tiger":1,"minecraft:skeleton":8},"minecraft:custom":{"minecraft:interact_with_crafting_table":76,"minecraft:open_barrel":6,"minecraft:bell_ring":92,"minecraft:leave_game":18,"minecraft:time_since_death":18074,"minecraft:sprint_one_cm":2158169,"minecraft:damage_blocked_by_shield":3400,"minecraft:drop":256,"minecraft:play_time":804231,"minecraft:deaths":42,"tombstone:tomb_raiding":2,"minecraft:jump":12492,"minecraft:walk_on_water_one_cm":187043,"minecraft:interact_with_furnace":129,"minecraft:traded_with_villager":1,"minecraft:sleep_in_bed":19,"minecraft:damage_dealt":27064,"minecraft:interact_with_beacon":8,"minecraft:player_kills":22,"minecraft:crouch_one_cm":13107,"tombstone:undead_killed":40,"tombstone:villager_killed":1,"minecraft:interact_with_smoker":8,"minecraft:interact_with_smithing_table":2,"minecraft:mob_kills":120,"minecraft:climb_one_cm":10140,"minecraft:walk_one_cm":1844066,"minecraft:damage_dealt_absorbed":40,"minecraft:sneak_time":6268,"minecraft:walk_under_water_one_cm":102278,"minecraft:boat_one_cm":134605,"minecraft:interact_with_blast_furnace":1,"minecraft:total_world_time":804231,"tombstone:raider_killed":38,"minecraft:raid_trigger":1,"minecraft:time_since_rest":18106,"minecraft:damage_taken":21373,"minecraft:swim_one_cm":192511,"minecraft:fly_one_cm":2647562,"minecraft:open_chest":278,"minecraft:fall_one_cm":312131},"minecraft:dropped":{"minecraft:iron_sword":4,"minecraft:birch_planks":2,"minecraft:porkchop":4,"minecraft:oak_pressure_plate":2,"minecraft:baked_potato":1,"minecraft:diamond":3,"minecraft:crafting_table":1,"minecraft:dark_oak_sapling":1,"minecraft:cooked_porkchop":5,"minecraft:crossbow":1,"minecraft:leather":4,"magistuarmory:rustednorman_helmet":2,"minecraft:emerald":1,"minecraft:dirt":240,"minecraft:dark_oak_log":1,"minecraft:cooked_cod":1,"minecraft:iron_pickaxe":3,"minecraft:dark_oak_planks":5,"minecraft:birch_log":1,"minecraft:bone":3,"minecraft:gravel":2,"minecraft:stone_axe":2,"minecraft:cooked_chicken":4,"minecraft:cobbled_deepslate":14,"minecraft:birch_sapling":1,"tombstone:gift":1,"minecraft:rotten_flesh":7,"minecraft:oak_planks":4,"minecraft:cooked_mutton":3,"iceandfire:copper_ore":4,"minecraft:poppy":1,"minecraft:charcoal":1,"minecraft:azalea":1,"minecraft:chest":1,"betteranimalsplus:antler":4,"minecraft:arrow":74,"minecraft:water_bucket":1,"minecraft:enchanted_book":2,"minecraft:bread":43,"minecraft:iron_ingot":38,"minecraft:oak_slab":1,"magistuarmory:rustedkettlehat":1,"minecraft:wheat_seeds":11,"minecraft:iron_helmet":1,"minecraft:oak_fence":1,"minecraft:cobblestone":12,"minecraft:apple":3,"minecraft:coal":11,"minecraft:stick":4,"illagerinvasion:platinum_chunk":14,"mca:book_romance":2,"minecraft:wooden_axe":1,"minecraft:cooked_salmon":2,"tombstone:grave_dust":1,"minecraft:iron_leggings":4,"minecraft:oak_stairs":4,"minecraft:white_banner":4,"minecraft:iron_axe":2,"minecraft:smooth_stone":6,"minecraft:iron_shovel":1,"minecraft:string":8,"minecraft:spruce_sapling":69,"iceandfire:silver_nugget":1,"minecraft:furnace":3,"minecraft:kelp":1,"minecraft:stone_sword":1,"minecraft:raw_copper":4,"minecraft:tuff":52,"minecraft:stone_shovel":10,"minecraft:white_carpet":1,"minecraft:clay_ball":4,"minecraft:iron_boots":3,"iceandfire:silver_ore":2,"minecraft:smoker":2,"minecraft:stripped_oak_log":2,"sophisticatedbackpacks:backpack":1,"minecraft:spruce_fence":4,"minecraft:filled_map":2,"minecraft:shield":3,"minecraft:allium":1,"minecraft:spruce_planks":47,"minecraft:iron_chestplate":5,"iceandfire:silver_ingot":19,"minecraft:oak_boat":1,"minecraft:oak_sapling":5,"minecraft:brown_bed":1,"minecraft:spruce_log":46,"minecraft:bow":1,"minecraft:stone_pickaxe":2,"minecraft:wooden_pickaxe":1},"minecraft:used":{"iceandfire:lectern":1,"magistuarmory:wood_heavymace":6,"minecraft:iron_shovel":647,"minecraft:spruce_slab":8,"minecraft:black_carpet":16,"minecraft:shield":63,"minecraft:chest":26,"minecraft:iron_sword":377,"minecraft:stone":11,"minecraft:bell":1,"paraglider:goddess_statue":1,"medieval_craft:viking_1_spawn_egg":1,"minecraft:deepslate_brick_slab":33,"minecraft:tuff":86,"minecraft:glass":4,"minecraft:stripped_dark_oak_wood":1,"minecraft:grass_block":10,"alexsmobs:spawn_egg_gorilla":1,"minecraft:lantern":27,"minecraft:dark_oak_leaves":2,"minecraft:dark_oak_slab":67,"minecraft:oak_sapling":1,"minecraft:sweet_berries":3,"minecraft:cooked_cod":3,"minecraft:furnace":19,"minecraft:gray_bed":3,"minecraft:potato":10,"minecraft:dark_oak_sapling":8,"minecraft:dark_oak_stairs":1,"minecraft:spruce_door":2,"minecraft:red_stained_glass":1,"minecraft:stone_pickaxe":370,"minecraft:oak_planks":9,"minecraft:wooden_pickaxe":38,"minecraft:white_wool":1,"minecraft:golden_apple":1,"minecraft:stone_brick_wall":16,"minecraft:skeleton_horse_spawn_egg":4,"minecraft:dark_oak_log":26,"minecraft:birch_slab":18,"minecraft:bread":127,"tombstone:grave_key":23,"minecraft:deepslate":22,"betteranimalsplus:eel_meat_raw":1,"betteranimalsplus:piranha_spawn_egg":9,"minecraft:diamond_sword":11,"minecraft:dark_oak_fence":41,"minecraft:white_stained_glass":4,"minecraft:birch_log":49,"minecraft:pink_stained_glass":4,"minecraft:oak_boat":8,"minecraft:coarse_dirt":16,"minecraft:oak_fence":1,"medieval_craft:lance":6,"minecraft:stone_sword":61,"minecraft:armor_stand":18,"minecraft:stone_shovel":240,"magistuarmory:iron_kiteshield":7,"minecraft:spruce_planks":305,"minecraft:tinted_glass":2,"minecraft:cooked_salmon":3,"minecraft:cooked_chicken":3,"minecraft:torch":170,"minecraft:orange_stained_glass":2,"minecraft:dirt":923,"medieval_craft:viking_2_spawn_egg":1,"minecraft:white_carpet":18,"minecraft:spruce_stairs":1,"minecraft:granite":90,"minecraft:spruce_fence":24,"minecraft:dark_oak_planks":130,"minecraft:stone_brick_slab":7,"minecraft:wooden_axe":18,"minecraft:light_gray_stained_glass":1,"minecraft:yellow_stained_glass":1,"minecraft:iron_axe":1059,"minecraft:golden_carrot":3,"tombstone:gift":3,"minecraft:cooked_beef":10,"minecraft:cooked_mutton":5,"minecraft:water_bucket":161,"minecraft:cobblestone_stairs":59,"minecraft:birch_planks":134,"minecraft:baked_potato":86,"minecraft:spruce_sign":5,"minecraft:beacon":6,"minecraft:diamond_block":69,"minecraft:terracotta":2,"minecraft:crafting_table":16,"minecraft:red_bed":1,"minecraft:white_bed":11,"minecraft:spruce_log":31,"minecraft:cyan_stained_glass":3,"minecraft:dark_oak_door":3,"minecraft:oak_log":33,"minecraft:diamond_pickaxe":189,"minecraft:apple":7,"minecraft:iron_pickaxe":687,"tombstone:magic_scroll":1,"minecraft:spruce_trapdoor":6,"minecraft:spruce_sapling":1,"minecraft:stone_axe":89,"minecraft:chiseled_stone_bricks":6,"iceandfire:silver_hoe":3,"minecraft:cobblestone":189,"minecraft:cobbled_deepslate_slab":32,"minecraft:porkchop":3,"minecraft:white_banner":4,"minecraft:cooked_porkchop":9,"minecraft:bucket":161,"minecraft:glass_pane":104,"iceandfire:silver_shovel":53,"minecraft:dandelion":3}},"DataVersion":2975}