{"stats":{"minecraft:dropped":{"minecraft:bread":43,"minecraft:iron_sword":3,"minecraft:porkchop":1,"minecraft:birch_planks":2,"minecraft:wheat_seeds":3,"minecraft:oak_pressure_plate":2,"minecraft:dark_oak_sapling":1,"minecraft:cooked_porkchop":1,"minecraft:iron_helmet":1,"minecraft:oak_fence":1,"minecraft:cobblestone":2,"minecraft:leather":4,"minecraft:dirt":10,"mca:book_romance":2,"minecraft:wooden_axe":1,"tombstone:grave_dust":1,"minecraft:iron_leggings":3,"minecraft:white_banner":2,"minecraft:oak_stairs":4,"minecraft:string":6,"minecraft:birch_log":1,"minecraft:gravel":2,"minecraft:stone_axe":2,"minecraft:stone_sword":1,"minecraft:cobbled_deepslate":14,"minecraft:birch_sapling":1,"minecraft:stone_shovel":5,"minecraft:white_carpet":1,"minecraft:rotten_flesh":2,"minecraft:iron_boots":2,"minecraft:clay_ball":4,"iceandfire:silver_ore":2,"minecraft:cooked_mutton":3,"iceandfire:copper_ore":1,"minecraft:shield":2,"minecraft:iron_chestplate":3,"minecraft:chest":1,"minecraft:brown_bed":1,"minecraft:oak_sapling":2,"betteranimalsplus:antler":4,"minecraft:stone_pickaxe":2,"minecraft:arrow":3,"minecraft:wooden_pickaxe":1},"minecraft:broken":{"minecraft:stone_pickaxe":1,"minecraft:iron_helmet":1,"minecraft:stone_shovel":1,"magistuarmory:rustedhalfarmor_chestplate":1},"minecraft:killed_by":{"minecraft:player":9,"minecraft:creeper":5,"alexsmobs:tiger":1,"minecraft:skeleton":8,"minecraft:zombie":4,"iceandfire:fire_dragon":3},"minecraft:used":{"iceandfire:lectern":1,"minecraft:oak_fence":1,"medieval_craft:lance":6,"minecraft:stone_sword":61,"minecraft:armor_stand":18,"minecraft:stone_shovel":157,"minecraft:spruce_slab":8,"minecraft:black_carpet":16,"minecraft:spruce_planks":13,"minecraft:chest":4,"minecraft:shield":41,"minecraft:tinted_glass":2,"minecraft:iron_sword":173,"minecraft:stone":11,"minecraft:cooked_salmon":1,"minecraft:cooked_chicken":2,"minecraft:orange_stained_glass":2,"minecraft:torch":55,"minecraft:dirt":47,"medieval_craft:viking_2_spawn_egg":1,"minecraft:white_carpet":18,"medieval_craft:viking_1_spawn_egg":1,"minecraft:deepslate_brick_slab":33,"minecraft:granite":1,"minecraft:spruce_fence":20,"minecraft:glass":4,"minecraft:stone_brick_slab":7,"minecraft:wooden_axe":18,"minecraft:dark_oak_planks":23,"minecraft:iron_axe":4,"minecraft:stripped_dark_oak_wood":1,"minecraft:light_gray_stained_glass":1,"alexsmobs:spawn_egg_gorilla":1,"minecraft:yellow_stained_glass":1,"minecraft:lantern":27,"minecraft:grass_block":10,"minecraft:dark_oak_leaves":2,"minecraft:dark_oak_slab":67,"minecraft:golden_carrot":2,"minecraft:cooked_cod":2,"minecraft:furnace":7,"tombstone:gift":2,"minecraft:cooked_mutton":1,"minecraft:water_bucket":28,"minecraft:birch_planks":40,"minecraft:red_stained_glass":1,"minecraft:stone_pickaxe":370,"minecraft:wooden_pickaxe":38,"minecraft:spruce_sign":5,"minecraft:beacon":6,"minecraft:white_wool":1,"minecraft:golden_apple":1,"minecraft:diamond_block":69,"minecraft:crafting_table":10,"minecraft:white_bed":4,"minecraft:skeleton_horse_spawn_egg":4,"minecraft:stone_brick_wall":16,"minecraft:cyan_stained_glass":3,"minecraft:oak_log":7,"minecraft:apple":1,"minecraft:birch_slab":18,"minecraft:bread":89,"minecraft:iron_pickaxe":19,"minecraft:spruce_trapdoor":6,"tombstone:grave_key":12,"minecraft:deepslate":22,"minecraft:stone_axe":89,"betteranimalsplus:eel_meat_raw":1,"minecraft:chiseled_stone_bricks":6,"betteranimalsplus:piranha_spawn_egg":9,"minecraft:diamond_sword":11,"minecraft:cobblestone":95,"minecraft:cobbled_deepslate_slab":32,"minecraft:white_banner":1,"minecraft:cooked_porkchop":9,"minecraft:porkchop":3,"minecraft:white_stained_glass":4,"minecraft:bucket":28,"minecraft:glass_pane":14,"minecraft:pink_stained_glass":4,"minecraft:oak_boat":1,"minecraft:coarse_dirt":1,"minecraft:dandelion":3},"minecraft:custom":{"minecraft:mob_kills":69,"minecraft:interact_with_crafting_table":32,"minecraft:open_barrel":6,"minecraft:bell_ring":53,"minecraft:leave_game":6,"minecraft:time_since_death":2038,"minecraft:climb_one_cm":8730,"minecraft:sprint_one_cm":585796,"minecraft:walk_one_cm":625378,"minecraft:damage_blocked_by_shield":2123,"minecraft:drop":87,"minecraft:play_time":318723,"minecraft:deaths":32,"minecraft:sneak_time":2824,"minecraft:walk_under_water_one_cm":31929,"minecraft:boat_one_cm":54344,"tombstone:tomb_raiding":1,"minecraft:jump":5197,"minecraft:walk_on_water_one_cm":58691,"minecraft:total_world_time":318723,"minecraft:interact_with_furnace":44,"tombstone:raider_killed":25,"minecraft:sleep_in_bed":5,"minecraft:time_since_rest":8725,"minecraft:damage_taken":14940,"minecraft:damage_dealt":13584,"minecraft:player_kills":1,"minecraft:interact_with_beacon":8,"minecraft:swim_one_cm":65350,"minecraft:fly_one_cm":1058364,"minecraft:open_chest":54,"minecraft:crouch_one_cm":4734,"tombstone:undead_killed":21,"minecraft:fall_one_cm":165170},"minecraft:mined":{"minecraft:dark_oak_planks":2,"minecraft:white_bed":6,"iceandfire:silver_ore":3,"minecraft:dark_oak_leaves":10,"minecraft:dark_oak_log":11,"minecraft:jungle_leaves":1,"minecraft:spruce_trapdoor":1,"minecraft:granite":1,"minecraft:allium":1,"minecraft:grass_block":19,"iceandfire:lectern":1,"minecraft:oak_pressure_plate":1,"minecraft:spawner":2,"minecraft:hay_block":51,"minecraft:furnace":6,"iceandfire:copper_ore":1,"minecraft:iron_ore":79,"minecraft:black_carpet":28,"minecraft:deepslate_lapis_ore":8,"minecraft:stripped_dark_oak_wood":1,"minecraft:brown_bed":1,"minecraft:vine":1,"minecraft:dirt_path":7,"iceandfire:gold_pile":3,"minecraft:deepslate_iron_ore":24,"minecraft:oak_stairs":2,"minecraft:stone":138,"minecraft:podzol":1,"iceandfire:pixie_jar_empty":1,"minecraft:acacia_leaves":8,"minecraft:dandelion":1,"minecraft:oak_fence":1,"minecraft:clay":1,"minecraft:crafting_table":8,"minecraft:torch":24,"minecraft:chest":3,"minecraft:tall_grass":3,"minecraft:cobblestone":59,"minecraft:deepslate_coal_ore":9,"minecraft:deepslate_gold_ore":4,"minecraft:oak_planks":1,"minecraft:wall_torch":19,"minecraft:birch_planks":11,"minecraft:coarse_dirt":1,"minecraft:birch_log":14,"minecraft:sweet_berry_bush":1,"minecraft:white_wall_banner":3,"minecraft:white_carpet":29,"minecraft:birch_leaves":2,"iceandfire:silver_pile":3,"minecraft:grass":8,"minecraft:coal_ore":68,"minecraft:oak_log":17,"minecraft:dirt":40,"minecraft:cobweb":3,"minecraft:oak_leaves":38,"minecraft:deepslate":6,"minecraft:fern":4},"minecraft:crafted":{"minecraft:oak_planks":40,"minecraft:stone_shovel":7,"minecraft:furnace":2,"minecraft:bone_meal":15,"minecraft:iron_boots":3,"minecraft:iron_axe":1,"minecraft:stone_pickaxe":3,"minecraft:chest":2,"minecraft:dark_oak_planks":44,"sophisticatedbackpacks:iron_backpack":1,"minecraft:wheat":324,"sophisticatedbackpacks:backpack":1,"minecraft:cooked_porkchop":9,"minecraft:crafting_table":2,"minecraft:iron_helmet":3,"minecraft:iron_sword":1,"minecraft:bucket":1,"minecraft:birch_planks":52,"minecraft:stone_axe":1,"minecraft:bread":108,"minecraft:air":0,"minecraft:oak_boat":1,"minecraft:iron_chestplate":3,"minecraft:shield":4,"minecraft:stick":32,"minecraft:gold_ingot":1,"minecraft:iron_ingot":116,"minecraft:iron_pickaxe":1,"minecraft:iron_leggings":3,"minecraft:wooden_axe":1,"minecraft:stone_sword":1,"minecraft:torch":8},"minecraft:killed":{"alexsmobs:tiger":1,"minecraft:spider":1,"alexsmobs:seagull":6,"alexsmobs:gorilla":1,"minecraft:skeleton":5,"betteranimalsplus:eel_saltwater":1,"alexsmobs:skelewag":1,"minecraft:skeleton_horse":1,"medieval_craft:viking_1":1,"minecraft:pig":6,"medieval_craft:viking_2":1,"minecraft:sheep":1,"minecraft:pillager":25,"minecraft:zombie":14,"betteranimalsplus:reindeer":1},"minecraft:picked_up":{"minecraft:iron_chestplate":2,"minecraft:coarse_dirt":1,"minecraft:crafting_table":8,"minecraft:allium":1,"minecraft:black_carpet":19,"illagerinvasion:platinum_chunk":5,"iceandfire:copper_ore":1,"minecraft:clay_ball":12,"minecraft:brown_bed":1,"minecraft:oak_stairs":4,"iceandfire:manuscript":12,"minecraft:string":5,"minecraft:armor_stand":1,"minecraft:iron_leggings":1,"minecraft:white_carpet":23,"minecraft:gold_nugget":18,"minecraft:cobbled_deepslate":29,"minecraft:oak_boat":1,"magistuarmory:knight_leggings":1,"magistuarmory:knight_boots":1,"minecraft:chest":3,"minecraft:birch_sapling":1,"minecraft:spruce_trapdoor":1,"minecraft:furnace":6,"minecraft:dark_oak_sapling":1,"minecraft:raw_iron":106,"minecraft:oak_fence":3,"minecraft:torch":43,"iceandfire:silver_ore":4,"minecraft:porkchop":13,"minecraft:dark_oak_planks":2,"minecraft:stone_shovel":2,"minecraft:arrow":3,"minecraft:rotten_flesh":11,"minecraft:hay_block":53,"minecraft:stripped_dark_oak_wood":1,"minecraft:pink_tulip":1,"minecraft:mutton":2,"minecraft:white_wool":1,"minecraft:cobblestone":194,"minecraft:birch_log":14,"minecraft:feather":3,"magistuarmory:rustedhalfarmor_chestplate":2,"minecraft:leather":2,"magistuarmory:armet":1,"minecraft:birch_planks":11,"minecraft:oak_log":18,"minecraft:lapis_lazuli":57,"mca:book_romance":2,"minecraft:dirt":78,"minecraft:white_banner":6,"minecraft:bone":6,"minecraft:apple":1,"minecraft:wheat_seeds":6,"minecraft:raw_gold":5,"betteranimalsplus:antler":4,"minecraft:iron_ingot":4,"minecraft:iron_sword":3,"minecraft:oak_planks":1,"minecraft:cooked_porkchop":2,"minecraft:sweet_berries":2,"minecraft:dandelion":3,"minecraft:oak_pressure_plate":2,"magistuarmory:knight_chestplate":1,"magistuarmory:rustedchainmail_leggings":1,"minecraft:white_bed":4,"minecraft:dark_oak_log":11,"betteranimalsplus:eel_meat_raw":1,"minecraft:bundle":1,"minecraft:stone_axe":1,"iceandfire:lectern":1,"minecraft:iron_helmet":1,"minecraft:granite":2,"minecraft:emerald":11,"minecraft:bread":1,"minecraft:oak_sapling":4,"iceandfire:silver_nugget":10,"minecraft:coal":103}},"DataVersion":2975}