{"stats":{"minecraft:dropped":{"minecraft:enchanted_book":1,"minecraft:bread":1,"minecraft:poisonous_potato":3,"minecraft:iron_helmet":1,"minecraft:lantern":3,"minecraft:apple":13,"minecraft:stick":39,"minecraft:flint":1,"minecraft:wooden_sword":1,"iceandfire:ash":15,"minecraft:string":5,"minecraft:bone":2,"magistuarmory:rustedchainmail_leggings":2,"minecraft:cobblestone_wall":2,"tombstone:gift":1,"minecraft:rotten_flesh":23,"minecraft:allium":3,"minecraft:spruce_planks":64,"minecraft:iron_chestplate":1,"minecraft:chest":1,"minecraft:charcoal":25,"minecraft:stone_bricks":1,"minecraft:arrow":1,"minecraft:wooden_pickaxe":1},"minecraft:broken":{"minecraft:golden_boots":1,"minecraft:leather_leggings":1,"minecraft:leather_boots":1,"minecraft:iron_helmet":1,"minecraft:wooden_axe":1},"minecraft:killed_by":{"minecraft:player":2,"minecraft:spider":1,"minecraft:pillager":3,"alexsmobs:tiger":2,"minecraft:skeleton":1,"minecraft:zombie":5,"iceandfire:fire_dragon":7},"minecraft:used":{"alexsmobs:emu_egg":1,"minecraft:red_sand":1,"minecraft:stone_sword":26,"minecraft:spruce_slab":46,"minecraft:black_carpet":45,"minecraft:spruce_planks":34,"minecraft:chest":3,"minecraft:shield":15,"minecraft:iron_sword":147,"minecraft:stripped_birch_wood":6,"minecraft:cooked_chicken":5,"minecraft:iron_chestplate":1,"minecraft:torch":22,"minecraft:dirt":4,"minecraft:white_carpet":44,"minecraft:carrot":2,"minecraft:deepslate_brick_slab":344,"minecraft:spruce_fence":6,"minecraft:obsidian":13,"minecraft:wooden_axe":52,"minecraft:dark_oak_planks":38,"minecraft:stripped_dark_oak_wood":12,"minecraft:lantern":35,"minecraft:grass_block":206,"minecraft:iron_helmet":1,"minecraft:dark_oak_slab":166,"minecraft:furnace":4,"tombstone:gift":3,"minecraft:cooked_beef":1,"minecraft:deepslate_brick_wall":26,"minecraft:cooked_mutton":3,"minecraft:water_bucket":23,"minecraft:birch_planks":53,"minecraft:oak_planks":3,"minecraft:wooden_pickaxe":34,"minecraft:diamond_block":1,"minecraft:crafting_table":2,"minecraft:red_bed":4,"minecraft:blast_furnace":1,"minecraft:crossbow":6,"minecraft:stone_brick_wall":13,"minecraft:smoker":1,"minecraft:birch_slab":112,"minecraft:bread":33,"minecraft:iron_pickaxe":79,"minecraft:spruce_trapdoor":28,"tombstone:grave_key":10,"minecraft:deepslate":194,"minecraft:chiseled_stone_bricks":2,"minecraft:diamond_sword":39,"minecraft:wooden_sword":42,"minecraft:cobblestone":48,"minecraft:cobbled_deepslate_slab":114,"minecraft:porkchop":5,"minecraft:cooked_porkchop":10,"minecraft:bucket":6,"alexsmobs:animal_dictionary":1,"minecraft:coarse_dirt":28},"minecraft:custom":{"minecraft:mob_kills":47,"minecraft:interact_with_crafting_table":18,"minecraft:open_barrel":24,"minecraft:bell_ring":22,"minecraft:leave_game":4,"minecraft:time_since_death":0,"minecraft:climb_one_cm":6597,"minecraft:sprint_one_cm":965806,"minecraft:walk_one_cm":702516,"minecraft:damage_blocked_by_shield":580,"minecraft:drop":47,"minecraft:play_time":342159,"minecraft:deaths":23,"minecraft:sneak_time":4892,"minecraft:walk_under_water_one_cm":31421,"tombstone:tomb_raiding":1,"minecraft:jump":4338,"minecraft:interact_with_blast_furnace":6,"minecraft:walk_on_water_one_cm":34259,"minecraft:total_world_time":342159,"minecraft:interact_with_furnace":34,"tombstone:raider_killed":15,"minecraft:sleep_in_bed":6,"minecraft:time_since_rest":0,"minecraft:damage_taken":8432,"tombstone:sneak_grave":1,"minecraft:damage_dealt":10443,"minecraft:interact_with_beacon":2,"minecraft:fly_one_cm":967613,"minecraft:swim_one_cm":18637,"minecraft:player_kills":7,"minecraft:open_chest":118,"minecraft:crouch_one_cm":9691,"tombstone:undead_killed":13,"minecraft:interact_with_smoker":4,"minecraft:fall_one_cm":98230},"minecraft:mined":{"minecraft:tuff":3,"minecraft:spruce_planks":13,"piglin_expansion:basaltic_blackstone":1,"minecraft:granite":4,"minecraft:allium":3,"minecraft:grass_block":7,"minecraft:moss_block":1,"minecraft:large_fern":1,"minecraft:furnace":6,"minecraft:iron_ore":30,"minecraft:moss_carpet":1,"minecraft:deepslate_iron_ore":12,"minecraft:vine":25,"minecraft:oak_stairs":2,"minecraft:azalea":3,"minecraft:stone":34,"minecraft:oak_slab":1,"minecraft:acacia_leaves":1,"minecraft:red_bed":4,"minecraft:smoker":3,"minecraft:spruce_door":1,"minecraft:crafting_table":2,"minecraft:torch":4,"minecraft:blast_furnace":1,"minecraft:chest":5,"minecraft:cobblestone":1,"minecraft:lapis_ore":2,"minecraft:oak_planks":2,"minecraft:bricks":2,"minecraft:wall_torch":7,"minecraft:coarse_dirt":34,"minecraft:cobblestone_wall":1,"minecraft:sweet_berry_bush":16,"minecraft:spruce_log":31,"minecraft:white_wall_banner":1,"minecraft:grass":5,"minecraft:coal_ore":9,"minecraft:oak_log":7,"minecraft:dirt":2,"minecraft:cobweb":10,"minecraft:oak_leaves":56,"minecraft:deepslate":3},"minecraft:crafted":{"minecraft:wooden_sword":1,"minecraft:oak_planks":24,"minecraft:cooked_chicken":4,"minecraft:chest":2,"minecraft:cooked_beef":1,"sophisticatedbackpacks:backpack":1,"minecraft:cooked_porkchop":14,"minecraft:crafting_table":2,"minecraft:spruce_planks":124,"minecraft:cooked_salmon":2,"minecraft:bucket":1,"minecraft:air":0,"minecraft:shield":2,"minecraft:stick":4,"minecraft:iron_ingot":24,"minecraft:iron_pickaxe":1,"minecraft:wooden_axe":1,"minecraft:stone_sword":1},"minecraft:killed":{"alexsmobs:hummingbird":1,"minecraft:spider":3,"minecraft:chicken":4,"minecraft:pig":9,"minecraft:pillager":15,"minecraft:zombie":13},"minecraft:picked_up":{"minecraft:charcoal":27,"minecraft:allium":24,"minecraft:coarse_dirt":34,"minecraft:crafting_table":2,"minecraft:black_carpet":14,"minecraft:suspicious_stew":3,"illagerinvasion:platinum_chunk":7,"minecraft:chicken":4,"minecraft:oak_stairs":1,"minecraft:string":17,"minecraft:red_bed":4,"minecraft:moss_carpet":1,"minecraft:white_carpet":15,"minecraft:cobbled_deepslate":4,"minecraft:spruce_planks":43,"minecraft:white_tulip":9,"minecraft:jungle_sapling":2,"minecraft:azalea":3,"minecraft:chest":6,"minecraft:furnace":6,"minecraft:dark_oak_sapling":32,"minecraft:stick":60,"minecraft:raw_iron":39,"minecraft:torch":14,"minecraft:porkchop":20,"magistuarmory:rustedkettlehat":1,"minecraft:dark_oak_planks":5,"minecraft:arrow":2,"minecraft:rotten_flesh":41,"minecraft:stone_shovel":2,"minecraft:pink_tulip":6,"alexsmobs:emu_egg":1,"minecraft:cobblestone":33,"minecraft:feather":2,"minecraft:leather":4,"minecraft:smoker":3,"minecraft:tuff":3,"minecraft:oak_log":6,"minecraft:golden_boots":1,"minecraft:cobblestone_wall":2,"minecraft:lapis_lazuli":16,"minecraft:white_banner":4,"minecraft:dirt":8,"minecraft:lantern":18,"tombstone:gift":2,"minecraft:bone":3,"minecraft:apple":14,"minecraft:stone_bricks":1,"minecraft:wheat_seeds":9,"minecraft:moss_block":1,"minecraft:oak_planks":2,"minecraft:oak_slab":1,"minecraft:sweet_berries":38,"iceandfire:ash":14,"minecraft:poisonous_potato":3,"magistuarmory:rustednorman_helmet":1,"minecraft:spruce_door":1,"minecraft:blast_furnace":1,"minecraft:white_bed":1,"minecraft:spruce_log":31,"magistuarmory:rustedchainmail_leggings":2,"alexsmobs:animal_dictionary":1,"minecraft:crossbow":3,"minecraft:granite":1,"minecraft:emerald":9,"minecraft:bread":31,"minecraft:oak_sapling":2,"minecraft:bricks":2,"minecraft:coal":23}},"DataVersion":2975}