{"stats":{"minecraft:killed_by":{"minecraft:creeper":2,"minecraft:pillager":3,"minecraft:drowned":1,"minecraft:zombie":5,"iceandfire:fire_dragon":7,"minecraft:player":20,"minecraft:spider":1,"alexsmobs:tiger":2,"minecraft:skeleton":2},"minecraft:picked_up":{"minecraft:iron_chestplate":2,"minecraft:black_carpet":14,"illagerinvasion:platinum_chunk":20,"minecraft:suspicious_stew":6,"minecraft:flower_pot":6,"iceandfire:copper_ore":1,"minecraft:oak_stairs":13,"minecraft:enchanted_book":1,"paraglider:goddess_statue":1,"minecraft:string":51,"minecraft:cooked_salmon":2,"mca:blueprint":1,"minecraft:cobbled_deepslate":148,"minecraft:spruce_planks":185,"minecraft:white_tulip":9,"minecraft:cobblestone_slab":5,"minecraft:azalea":4,"minecraft:iron_pickaxe":1,"minecraft:furnace":13,"minecraft:dark_oak_door":2,"minecraft:stick":93,"minecraft:acacia_log":6,"minecraft:torch":123,"minecraft:green_bed":1,"minecraft:spruce_stairs":41,"iceandfire:silver_ore":5,"minecraft:porkchop":27,"tombstone:grave_dust":17,"alexsmobs:centipede_leg":2,"minecraft:rotten_flesh":89,"alexsmobs:emu_egg":1,"alexsmobs:lobster_tail":8,"minecraft:cobblestone":265,"minecraft:birch_log":46,"minecraft:mossy_cobblestone_slab":5,"minecraft:feather":3,"minecraft:birch_slab":2,"minecraft:water_bucket":1,"minecraft:smoker":5,"minecraft:potato":2,"minecraft:tuff":107,"minecraft:lapis_lazuli":58,"minecraft:dirt":351,"minecraft:lantern":21,"minecraft:bone":11,"minecraft:wheat_seeds":13,"minecraft:mossy_stone_bricks":33,"minecraft:bamboo":19,"minecraft:moss_block":11,"minecraft:oak_planks":21,"minecraft:cooked_porkchop":6,"minecraft:poisonous_potato":3,"minecraft:sand":2,"minecraft:dead_bush":1,"alexsmobs:animal_dictionary":1,"minecraft:dark_oak_log":74,"minecraft:barrel":6,"minecraft:spruce_fence_gate":1,"minecraft:diamond":37,"minecraft:crossbow":8,"minecraft:granite":130,"minecraft:emerald":10,"minecraft:bread":31,"minecraft:oak_sapling":12,"minecraft:dark_oak_fence":23,"minecraft:bricks":2,"minecraft:coarse_dirt":42,"minecraft:charcoal":28,"minecraft:crafting_table":8,"minecraft:allium":26,"minecraft:chicken":7,"minecraft:shield":2,"minecraft:red_bed":5,"minecraft:moss_carpet":1,"minecraft:compass":3,"minecraft:white_carpet":15,"minecraft:blackstone":1,"minecraft:glass_pane":58,"minecraft:cracked_stone_bricks":10,"minecraft:candle":3,"minecraft:beef":10,"minecraft:jungle_sapling":2,"minecraft:spruce_slab":47,"minecraft:chest":10,"minecraft:birch_sapling":3,"minecraft:spruce_trapdoor":25,"minecraft:egg":1,"minecraft:dark_oak_sapling":41,"minecraft:raw_iron":107,"minecraft:spruce_fence":18,"sophisticatedbackpacks:backpack":2,"magistuarmory:rustedkettlehat":2,"minecraft:dark_oak_planks":76,"iceandfire:silver_ingot":5,"minecraft:stone_shovel":10,"minecraft:arrow":81,"minecraft:cooked_cod":1,"minecraft:hay_block":1,"minecraft:pink_tulip":6,"minecraft:saddle":2,"tombstone:essence_of_undeath":1,"minecraft:mutton":2,"minecraft:white_wool":1,"minecraft:tripwire_hook":1,"minecraft:glow_ink_sac":3,"minecraft:leather":9,"minecraft:filled_map":2,"minecraft:birch_planks":101,"minecraft:oak_log":34,"minecraft:golden_boots":1,"minecraft:gunpowder":2,"minecraft:cobblestone_wall":2,"minecraft:cobblestone_stairs":33,"minecraft:white_banner":6,"tombstone:gift":3,"minecraft:apple":17,"minecraft:stone_bricks":26,"minecraft:iron_ingot":19,"minecraft:flowering_azalea":1,"minecraft:iron_sword":1,"minecraft:acacia_sapling":1,"minecraft:dark_oak_stairs":15,"minecraft:oak_slab":5,"minecraft:scaffolding":1,"minecraft:dark_oak_slab":7,"minecraft:smooth_basalt":1,"minecraft:sweet_berries":67,"iceandfire:ash":14,"minecraft:gravel":2,"minecraft:birch_stairs":1,"magistuarmory:rustednorman_helmet":3,"minecraft:spruce_sapling":11,"minecraft:blast_furnace":1,"minecraft:white_bed":3,"minecraft:spruce_log":157,"magistuarmory:rustedchainmail_leggings":2,"minecraft:spruce_door":19,"magistuarmory:rustedcrusader_boots":1,"minecraft:baked_potato":11,"minecraft:coal":36},"minecraft:crafted":{"minecraft:oak_planks":52,"minecraft:cobblestone_slab":42,"minecraft:cooked_chicken":7,"minecraft:stone":21,"minecraft:cobblestone_stairs":60,"minecraft:cooked_mutton":2,"minecraft:iron_boots":1,"minecraft:chest":2,"minecraft:stone_hoe":1,"sophisticatedbackpacks:backpack":1,"minecraft:cooked_porkchop":21,"minecraft:crafting_table":7,"minecraft:spruce_planks":460,"minecraft:iron_helmet":1,"minecraft:wooden_pickaxe":1,"minecraft:baked_potato":8,"minecraft:spruce_door":6,"minecraft:cobbled_deepslate_wall":6,"minecraft:birch_planks":88,"minecraft:spruce_trapdoor":40,"minecraft:iron_chestplate":1,"minecraft:shield":2,"minecraft:stick":80,"minecraft:iron_ingot":90,"minecraft:iron_pickaxe":3,"minecraft:stone_sword":1,"betteranimalsplus:fried_egg":1,"minecraft:dark_oak_fence_gate":1,"minecraft:birch_stairs":4,"minecraft:wooden_sword":1,"minecraft:bone_meal":3,"minecraft:spruce_fence":66,"minecraft:lantern":6,"minecraft:spruce_stairs":130,"minecraft:dark_oak_fence":27,"minecraft:spruce_slab":36,"minecraft:stone_pickaxe":2,"minecraft:cobbled_deepslate_stairs":12,"minecraft:dark_oak_planks":216,"sophisticatedbackpacks:iron_backpack":1,"minecraft:cooked_beef":11,"iceandfire:silver_ingot":5,"minecraft:dark_oak_stairs":44,"alexsmobs:cooked_lobster_tail":8,"minecraft:iron_sword":1,"minecraft:cooked_salmon":2,"minecraft:bucket":1,"minecraft:stone_axe":3,"minecraft:air":0,"minecraft:wooden_axe":4,"minecraft:iron_leggings":1,"minecraft:torch":64},"minecraft:custom":{"minecraft:interact_with_crafting_table":132,"minecraft:open_barrel":36,"minecraft:bell_ring":65,"minecraft:leave_game":14,"minecraft:time_since_death":1421,"minecraft:sprint_one_cm":2671048,"minecraft:damage_blocked_by_shield":1150,"minecraft:drop":78,"minecraft:talked_to_villager":1,"minecraft:play_time":934431,"minecraft:deaths":52,"tombstone:tomb_raiding":1,"minecraft:jump":12029,"minecraft:walk_on_water_one_cm":144840,"minecraft:interact_with_furnace":114,"minecraft:sleep_in_bed":29,"tombstone:sneak_grave":1,"minecraft:damage_dealt":20331,"minecraft:interact_with_beacon":2,"minecraft:player_kills":9,"minecraft:crouch_one_cm":43210,"tombstone:undead_killed":41,"minecraft:interact_with_smoker":17,"minecraft:use_cauldron":1,"minecraft:mob_kills":122,"minecraft:fill_cauldron":2,"minecraft:climb_one_cm":22916,"minecraft:walk_one_cm":2169788,"minecraft:sneak_time":17618,"minecraft:walk_under_water_one_cm":170704,"minecraft:interact_with_blast_furnace":16,"minecraft:total_world_time":934431,"tombstone:raider_killed":19,"minecraft:pot_flower":3,"minecraft:time_since_rest":1447,"minecraft:damage_taken":22127,"minecraft:swim_one_cm":114934,"minecraft:fly_one_cm":2394425,"minecraft:open_chest":288,"minecraft:fall_one_cm":256194},"minecraft:killed":{"alexsmobs:hummingbird":1,"alexsmobs:lobster":18,"minecraft:cave_spider":3,"minecraft:spider":4,"minecraft:skeleton":8,"minecraft:chicken":7,"minecraft:silverfish":4,"alexsmobs:centipede_head":1,"minecraft:pig":11,"minecraft:sheep":1,"minecraft:pillager":19,"minecraft:zombie":31,"minecraft:cow":5,"mca:female_zombie_villager":1,"mca:male_zombie_villager":1,"alexsmobs:rocky_roller":1,"alexsmobs:gazelle":1},"minecraft:broken":{"magistuarmory:rustedcrusader_boots":1,"minecraft:golden_boots":1,"minecraft:leather_leggings":1,"minecraft:iron_boots":1,"minecraft:iron_chestplate":1,"minecraft:stone_pickaxe":1,"minecraft:stone_axe":3,"minecraft:iron_sword":1,"minecraft:wooden_axe":4,"minecraft:stone_shovel":2,"magistuarmory:rustedkettlehat":1,"minecraft:wooden_pickaxe":1,"minecraft:iron_axe":1,"minecraft:leather_boots":1,"minecraft:iron_pickaxe":2,"minecraft:iron_helmet":2,"magistuarmory:rustednorman_helmet":1},"minecraft:used":{"alexsmobs:emu_egg":1,"minecraft:moss_block":2,"minecraft:red_sand":1,"minecraft:spruce_slab":121,"minecraft:black_carpet":45,"minecraft:chest":10,"minecraft:shield":30,"minecraft:iron_sword":354,"minecraft:iron_chestplate":2,"paraglider:goddess_statue":1,"minecraft:carrot":2,"minecraft:deepslate_brick_slab":344,"minecraft:tuff":11,"minecraft:stripped_spruce_log":1,"minecraft:obsidian":13,"minecraft:stripped_dark_oak_wood":12,"minecraft:grass_block":206,"alexsmobs:cooked_lobster_tail":8,"minecraft:lantern":44,"minecraft:iron_helmet":1,"minecraft:dark_oak_slab":172,"minecraft:mossy_cobblestone_slab":2,"minecraft:stone_bricks":21,"minecraft:scaffolding":1,"minecraft:sweet_berries":24,"minecraft:furnace":11,"minecraft:cooked_cod":1,"minecraft:potato":65,"minecraft:dark_oak_sapling":5,"minecraft:deepslate_brick_wall":26,"minecraft:dark_oak_stairs":58,"minecraft:mossy_stone_bricks":1,"minecraft:spruce_door":22,"minecraft:stone_pickaxe":158,"minecraft:oak_planks":26,"minecraft:wooden_pickaxe":93,"minecraft:sand":2,"minecraft:blast_furnace":1,"minecraft:crossbow":61,"minecraft:stone_brick_wall":13,"minecraft:cobbled_deepslate_stairs":12,"minecraft:dark_oak_log":44,"minecraft:birch_slab":116,"minecraft:bread":54,"minecraft:string":1,"tombstone:grave_key":37,"minecraft:deepslate":194,"minecraft:diamond_sword":39,"minecraft:wooden_sword":42,"minecraft:grindstone":1,"minecraft:dark_oak_fence":36,"minecraft:birch_log":27,"minecraft:coarse_dirt":28,"minecraft:bone_meal":3,"minecraft:stone_sword":26,"minecraft:stone_shovel":349,"minecraft:spruce_planks":442,"minecraft:stripped_birch_wood":6,"minecraft:cooked_salmon":2,"betteranimalsplus:fried_egg":1,"minecraft:cooked_chicken":5,"minecraft:torch":135,"minecraft:dirt":326,"minecraft:white_carpet":44,"minecraft:spruce_stairs":172,"minecraft:granite":6,"minecraft:spruce_fence":76,"minecraft:dark_oak_planks":169,"minecraft:wooden_axe":230,"minecraft:iron_axe":18,"minecraft:oak_stairs":1,"minecraft:barrel":6,"tombstone:gift":4,"minecraft:cooked_beef":11,"minecraft:cobbled_deepslate":9,"minecraft:cobbled_deepslate_wall":4,"minecraft:cooked_mutton":5,"minecraft:water_bucket":284,"minecraft:cobblestone_stairs":84,"minecraft:birch_planks":243,"minecraft:baked_potato":16,"minecraft:green_bed":1,"minecraft:cobblestone_slab":46,"minecraft:cracked_stone_bricks":4,"minecraft:diamond_block":1,"minecraft:oak_slab":1,"minecraft:crafting_table":12,"minecraft:red_bed":4,"minecraft:dark_oak_fence_gate":1,"minecraft:white_bed":2,"minecraft:cod":1,"minecraft:spruce_log":36,"minecraft:dark_oak_door":1,"minecraft:smoker":3,"minecraft:flower_pot":3,"minecraft:apple":5,"minecraft:iron_pickaxe":701,"minecraft:suspicious_stew":1,"minecraft:spruce_trapdoor":86,"minecraft:spruce_sapling":1,"minecraft:stone_axe":388,"minecraft:chiseled_stone_bricks":2,"minecraft:cobblestone":202,"minecraft:cobbled_deepslate_slab":114,"minecraft:porkchop":5,"minecraft:white_banner":2,"minecraft:cooked_porkchop":21,"minecraft:bucket":267,"minecraft:glass_pane":13,"alexsmobs:animal_dictionary":1,"minecraft:candle":3,"minecraft:birch_stairs":1},"minecraft:dropped":{"minecraft:birch_planks":1,"minecraft:lantern":3,"minecraft:cracked_stone_bricks":1,"minecraft:flint":1,"minecraft:dark_oak_log":13,"minecraft:dark_oak_fence":6,"minecraft:wooden_sword":1,"iceandfire:ash":15,"minecraft:bone":2,"magistuarmory:rustedchainmail_leggings":2,"tombstone:gift":1,"minecraft:rotten_flesh":35,"minecraft:charcoal":25,"minecraft:chest":1,"minecraft:arrow":1,"minecraft:enchanted_book":1,"minecraft:bread":2,"minecraft:poisonous_potato":3,"minecraft:iron_helmet":1,"minecraft:apple":13,"minecraft:stick":39,"illagerinvasion:platinum_chunk":6,"minecraft:torch":37,"tombstone:grave_dust":8,"minecraft:string":7,"minecraft:cobblestone_wall":2,"minecraft:stone_shovel":1,"minecraft:spruce_fence":10,"minecraft:glass_pane":60,"minecraft:allium":5,"minecraft:spruce_planks":65,"minecraft:iron_chestplate":1,"iceandfire:silver_ingot":5,"minecraft:stone_bricks":1,"minecraft:wooden_pickaxe":1},"minecraft:mined":{"minecraft:dark_oak_planks":43,"minecraft:white_bed":1,"minecraft:spruce_planks":112,"minecraft:cobblestone_stairs":33,"minecraft:potted_crimson_fungus":1,"minecraft:spruce_trapdoor":25,"minecraft:potted_dead_bush":1,"minecraft:granite":130,"minecraft:acacia_log":9,"minecraft:grass_block":81,"minecraft:spawner":1,"minecraft:mossy_cobblestone_slab":5,"minecraft:iron_ore":94,"minecraft:cobbled_deepslate":1,"minecraft:barrel":6,"minecraft:moss_carpet":1,"minecraft:deepslate_lapis_ore":6,"minecraft:dark_oak_stairs":16,"minecraft:dirt_path":8,"minecraft:oak_stairs":16,"minecraft:azalea":3,"minecraft:spruce_slab":45,"minecraft:green_bed":1,"minecraft:red_bed":5,"minecraft:smoker":3,"minecraft:torch":36,"minecraft:blast_furnace":1,"minecraft:chest":9,"minecraft:cobblestone":36,"minecraft:oak_planks":17,"minecraft:bricks":2,"minecraft:wall_torch":31,"minecraft:dark_oak_slab":7,"minecraft:dark_oak_door":2,"minecraft:birch_log":47,"minecraft:grass":21,"minecraft:oak_log":35,"minecraft:dark_oak_sapling":2,"minecraft:sand":2,"minecraft:dirt":306,"minecraft:tripwire_hook":1,"minecraft:oak_leaves":149,"minecraft:deepslate":142,"minecraft:infested_deepslate":1,"minecraft:tuff":105,"iceandfire:silver_ore":5,"piglin_expansion:basaltic_blackstone":1,"minecraft:deepslate_diamond_ore":37,"minecraft:candle":1,"minecraft:dark_oak_log":62,"minecraft:potted_flowering_azalea_bush":1,"minecraft:dark_oak_fence":25,"minecraft:allium":3,"minecraft:spruce_fence":12,"minecraft:birch_slab":1,"minecraft:spruce_leaves":108,"minecraft:moss_block":11,"minecraft:large_fern":1,"minecraft:hay_block":1,"minecraft:furnace":7,"iceandfire:copper_ore":1,"minecraft:potatoes":1,"minecraft:deepslate_iron_ore":16,"minecraft:cobblestone_slab":4,"minecraft:vine":65,"minecraft:lantern":2,"minecraft:potted_spruce_sapling":1,"minecraft:bamboo":2,"minecraft:stone":220,"minecraft:oak_slab":4,"minecraft:birch_stairs":1,"minecraft:acacia_leaves":42,"minecraft:scaffolding":1,"minecraft:glass_pane":5,"minecraft:spruce_door":16,"minecraft:crafting_table":7,"minecraft:tall_grass":3,"minecraft:lapis_ore":2,"minecraft:spruce_stairs":41,"minecraft:birch_planks":100,"minecraft:coarse_dirt":43,"minecraft:cobblestone_wall":1,"minecraft:sweet_berry_bush":31,"minecraft:spruce_log":157,"minecraft:birch_leaves":1,"minecraft:white_wall_banner":1,"minecraft:coal_ore":22,"minecraft:flower_pot":2,"minecraft:cobweb":37,"minecraft:cracked_stone_bricks":9,"minecraft:spruce_fence_gate":1,"minecraft:stone_bricks":25,"minecraft:mossy_stone_bricks":34,"minecraft:fern":1}},"DataVersion":2975}