{"stats":{"minecraft:broken":{"magistuarmory:rustedcrusader_boots":1,"minecraft:golden_boots":1,"minecraft:leather_leggings":1,"minecraft:iron_chestplate":1,"minecraft:leather_boots":1,"minecraft:iron_sword":1,"minecraft:iron_helmet":1,"minecraft:wooden_axe":1,"magistuarmory:rustednorman_helmet":1},"minecraft:killed_by":{"minecraft:player":15,"minecraft:creeper":1,"minecraft:spider":1,"minecraft:pillager":3,"minecraft:drowned":1,"alexsmobs:tiger":2,"minecraft:skeleton":1,"minecraft:zombie":5,"iceandfire:fire_dragon":7},"minecraft:mined":{"minecraft:dark_oak_planks":6,"minecraft:tuff":49,"minecraft:spruce_planks":15,"piglin_expansion:basaltic_blackstone":1,"iceandfire:silver_ore":5,"minecraft:dark_oak_log":16,"minecraft:potted_dead_bush":1,"minecraft:spruce_trapdoor":3,"minecraft:granite":6,"minecraft:spruce_fence":1,"minecraft:allium":3,"minecraft:grass_block":33,"minecraft:spruce_leaves":67,"minecraft:moss_block":1,"minecraft:large_fern":1,"minecraft:mossy_cobblestone_slab":2,"minecraft:furnace":7,"minecraft:iron_ore":89,"minecraft:moss_carpet":1,"minecraft:dark_oak_stairs":1,"minecraft:dirt_path":1,"minecraft:vine":63,"minecraft:deepslate_iron_ore":16,"minecraft:oak_stairs":11,"minecraft:bamboo":2,"minecraft:azalea":3,"minecraft:stone":57,"minecraft:spruce_slab":2,"minecraft:oak_slab":4,"minecraft:acacia_leaves":1,"minecraft:red_bed":4,"minecraft:smoker":3,"minecraft:spruce_door":1,"minecraft:crafting_table":4,"minecraft:torch":7,"minecraft:blast_furnace":1,"minecraft:chest":8,"minecraft:cobblestone":1,"minecraft:lapis_ore":2,"minecraft:oak_planks":13,"minecraft:bricks":2,"minecraft:wall_torch":8,"minecraft:dark_oak_slab":1,"minecraft:coarse_dirt":34,"minecraft:cobblestone_wall":1,"minecraft:birch_log":28,"minecraft:sweet_berry_bush":16,"minecraft:spruce_log":40,"minecraft:birch_leaves":1,"minecraft:white_wall_banner":1,"minecraft:grass":12,"minecraft:oak_log":9,"minecraft:coal_ore":22,"minecraft:flower_pot":2,"minecraft:dirt":86,"minecraft:cobweb":11,"minecraft:spruce_fence_gate":1,"minecraft:oak_leaves":56,"minecraft:deepslate":3,"minecraft:fern":1},"minecraft:custom":{"minecraft:mob_kills":87,"minecraft:interact_with_crafting_table":30,"minecraft:open_barrel":27,"minecraft:bell_ring":22,"minecraft:leave_game":7,"minecraft:time_since_death":28727,"minecraft:climb_one_cm":9427,"minecraft:sprint_one_cm":1387870,"minecraft:walk_one_cm":965985,"minecraft:damage_blocked_by_shield":880,"minecraft:drop":61,"minecraft:play_time":480608,"minecraft:sneak_time":7775,"minecraft:deaths":40,"minecraft:walk_under_water_one_cm":115712,"tombstone:tomb_raiding":1,"minecraft:jump":6449,"minecraft:interact_with_blast_furnace":11,"minecraft:walk_on_water_one_cm":78204,"minecraft:total_world_time":480608,"minecraft:interact_with_furnace":92,"tombstone:raider_killed":15,"minecraft:sleep_in_bed":10,"minecraft:time_since_rest":14051,"minecraft:damage_taken":15910,"tombstone:sneak_grave":1,"minecraft:damage_dealt":15035,"minecraft:interact_with_beacon":2,"minecraft:player_kills":9,"minecraft:swim_one_cm":63812,"minecraft:fly_one_cm":1361382,"minecraft:open_chest":138,"minecraft:crouch_one_cm":17687,"tombstone:undead_killed":25,"minecraft:interact_with_smoker":10,"minecraft:fall_one_cm":156122},"minecraft:crafted":{"minecraft:wooden_sword":1,"minecraft:oak_planks":32,"minecraft:cooked_chicken":4,"minecraft:cooked_mutton":2,"minecraft:iron_boots":1,"minecraft:chest":2,"minecraft:dark_oak_planks":60,"sophisticatedbackpacks:iron_backpack":1,"minecraft:cooked_beef":11,"iceandfire:silver_ingot":5,"sophisticatedbackpacks:backpack":1,"minecraft:cooked_porkchop":17,"alexsmobs:cooked_lobster_tail":8,"minecraft:crafting_table":3,"minecraft:spruce_planks":136,"minecraft:iron_helmet":1,"minecraft:iron_sword":1,"minecraft:cooked_salmon":2,"minecraft:bucket":1,"minecraft:stone_axe":1,"minecraft:air":0,"minecraft:iron_chestplate":1,"minecraft:shield":2,"minecraft:stick":4,"minecraft:iron_pickaxe":1,"minecraft:iron_ingot":83,"minecraft:wooden_axe":1,"minecraft:stone_sword":1,"minecraft:iron_leggings":1,"minecraft:torch":64},"minecraft:dropped":{"minecraft:enchanted_book":1,"minecraft:bread":1,"minecraft:poisonous_potato":3,"minecraft:iron_helmet":1,"minecraft:lantern":3,"minecraft:apple":13,"minecraft:stick":39,"minecraft:flint":1,"illagerinvasion:platinum_chunk":6,"tombstone:grave_dust":8,"minecraft:wooden_sword":1,"iceandfire:ash":15,"minecraft:string":5,"minecraft:bone":2,"magistuarmory:rustedchainmail_leggings":2,"minecraft:cobblestone_wall":2,"tombstone:gift":1,"minecraft:rotten_flesh":35,"iceandfire:silver_ingot":5,"minecraft:allium":5,"minecraft:spruce_planks":64,"minecraft:iron_chestplate":1,"minecraft:charcoal":25,"minecraft:chest":1,"minecraft:stone_bricks":1,"minecraft:arrow":1,"minecraft:wooden_pickaxe":1},"minecraft:picked_up":{"minecraft:allium":26,"minecraft:crafting_table":5,"minecraft:iron_chestplate":2,"minecraft:charcoal":28,"minecraft:coarse_dirt":34,"minecraft:black_carpet":14,"illagerinvasion:platinum_chunk":18,"minecraft:chicken":4,"minecraft:suspicious_stew":3,"minecraft:oak_stairs":8,"minecraft:enchanted_book":1,"minecraft:shield":2,"minecraft:string":21,"minecraft:red_bed":4,"minecraft:moss_carpet":1,"minecraft:cooked_salmon":2,"minecraft:white_carpet":15,"minecraft:compass":3,"minecraft:blackstone":1,"minecraft:cobbled_deepslate":8,"minecraft:spruce_planks":87,"minecraft:beef":10,"minecraft:white_tulip":9,"minecraft:spruce_slab":2,"minecraft:jungle_sapling":2,"minecraft:azalea":4,"minecraft:iron_pickaxe":1,"minecraft:chest":9,"minecraft:birch_sapling":3,"minecraft:spruce_trapdoor":3,"minecraft:furnace":13,"minecraft:dark_oak_sapling":36,"minecraft:stick":81,"minecraft:raw_iron":102,"minecraft:torch":23,"minecraft:spruce_fence":1,"iceandfire:silver_ore":5,"sophisticatedbackpacks:backpack":2,"minecraft:porkchop":23,"magistuarmory:rustedkettlehat":2,"tombstone:grave_dust":9,"minecraft:dark_oak_planks":41,"iceandfire:silver_ingot":5,"minecraft:cooked_cod":1,"minecraft:arrow":77,"minecraft:rotten_flesh":64,"minecraft:stone_shovel":10,"minecraft:pink_tulip":6,"alexsmobs:emu_egg":1,"minecraft:saddle":2,"minecraft:mutton":2,"alexsmobs:lobster_tail":8,"minecraft:white_wool":1,"minecraft:cobblestone":59,"minecraft:birch_log":27,"minecraft:mossy_cobblestone_slab":2,"minecraft:feather":2,"minecraft:water_bucket":1,"minecraft:leather":9,"minecraft:smoker":5,"minecraft:potato":1,"minecraft:filled_map":2,"minecraft:tuff":51,"minecraft:oak_log":8,"minecraft:golden_boots":1,"minecraft:cobblestone_wall":2,"minecraft:lapis_lazuli":16,"minecraft:white_banner":6,"minecraft:dirt":113,"minecraft:lantern":18,"tombstone:gift":3,"minecraft:bone":6,"minecraft:apple":17,"minecraft:stone_bricks":1,"minecraft:wheat_seeds":12,"minecraft:iron_ingot":19,"minecraft:bamboo":19,"minecraft:moss_block":1,"minecraft:iron_sword":1,"minecraft:oak_planks":17,"minecraft:dark_oak_stairs":1,"minecraft:oak_slab":5,"minecraft:dark_oak_slab":1,"minecraft:smooth_basalt":1,"minecraft:dead_bush":1,"minecraft:cooked_porkchop":6,"minecraft:sweet_berries":38,"minecraft:spruce_sapling":4,"iceandfire:ash":14,"minecraft:poisonous_potato":3,"minecraft:gravel":2,"magistuarmory:rustednorman_helmet":3,"minecraft:blast_furnace":1,"minecraft:white_bed":1,"minecraft:spruce_log":40,"magistuarmory:rustedchainmail_leggings":2,"minecraft:dark_oak_log":15,"minecraft:spruce_door":1,"alexsmobs:animal_dictionary":1,"minecraft:spruce_fence_gate":1,"magistuarmory:rustedcrusader_boots":1,"minecraft:crossbow":8,"minecraft:granite":4,"minecraft:emerald":9,"minecraft:bread":31,"minecraft:oak_sapling":4,"minecraft:bricks":2,"minecraft:coal":36,"minecraft:flower_pot":3},"minecraft:used":{"minecraft:stone_sword":26,"minecraft:red_sand":1,"minecraft:spruce_slab":46,"minecraft:stone_shovel":117,"minecraft:black_carpet":45,"minecraft:chest":6,"minecraft:spruce_planks":34,"minecraft:shield":23,"minecraft:iron_sword":234,"minecraft:cooked_salmon":2,"minecraft:cooked_chicken":5,"minecraft:stripped_birch_wood":6,"minecraft:iron_chestplate":2,"minecraft:torch":45,"minecraft:dirt":45,"minecraft:white_carpet":44,"minecraft:carrot":2,"minecraft:tuff":10,"minecraft:deepslate_brick_slab":344,"minecraft:spruce_fence":6,"minecraft:obsidian":13,"minecraft:dark_oak_planks":44,"minecraft:wooden_axe":52,"minecraft:stripped_dark_oak_wood":12,"minecraft:lantern":35,"minecraft:grass_block":206,"alexsmobs:cooked_lobster_tail":8,"minecraft:iron_helmet":1,"minecraft:dark_oak_slab":166,"minecraft:furnace":8,"minecraft:cooked_cod":1,"tombstone:gift":4,"minecraft:potato":5,"minecraft:cooked_beef":3,"minecraft:deepslate_brick_wall":26,"minecraft:cooked_mutton":5,"minecraft:water_bucket":173,"minecraft:birch_planks":53,"minecraft:oak_planks":17,"minecraft:wooden_pickaxe":34,"minecraft:diamond_block":1,"minecraft:oak_slab":1,"minecraft:crafting_table":5,"minecraft:red_bed":4,"minecraft:blast_furnace":1,"minecraft:crossbow":50,"minecraft:stone_brick_wall":13,"minecraft:smoker":1,"minecraft:apple":3,"minecraft:spruce_trapdoor":30,"minecraft:iron_pickaxe":239,"minecraft:birch_slab":112,"minecraft:bread":33,"minecraft:deepslate":194,"tombstone:grave_key":30,"minecraft:stone_axe":105,"minecraft:chiseled_stone_bricks":2,"minecraft:diamond_sword":39,"minecraft:wooden_sword":42,"minecraft:cobblestone":72,"minecraft:cobbled_deepslate_slab":114,"minecraft:white_banner":2,"minecraft:porkchop":5,"minecraft:cooked_porkchop":17,"minecraft:birch_log":8,"minecraft:bucket":156,"alexsmobs:animal_dictionary":1,"minecraft:coarse_dirt":28,"alexsmobs:emu_egg":1},"minecraft:killed":{"mca:female_zombie_villager":1,"alexsmobs:hummingbird":1,"alexsmobs:lobster":18,"minecraft:spider":3,"minecraft:skeleton":5,"minecraft:chicken":4,"alexsmobs:rocky_roller":1,"minecraft:pig":9,"minecraft:sheep":1,"minecraft:pillager":15,"alexsmobs:gazelle":1,"minecraft:zombie":19,"minecraft:cow":5}},"DataVersion":2975}