{"stats":{"minecraft:custom":{"minecraft:interact_with_crafting_table":47,"minecraft:open_barrel":27,"minecraft:bell_ring":50,"minecraft:leave_game":7,"minecraft:time_since_death":107861,"minecraft:sprint_one_cm":1739667,"minecraft:damage_blocked_by_shield":880,"minecraft:drop":65,"minecraft:play_time":624179,"minecraft:deaths":41,"tombstone:tomb_raiding":1,"minecraft:jump":7861,"minecraft:walk_on_water_one_cm":98180,"minecraft:interact_with_furnace":100,"minecraft:sleep_in_bed":14,"tombstone:sneak_grave":1,"minecraft:damage_dealt":15505,"minecraft:interact_with_beacon":2,"minecraft:player_kills":9,"minecraft:crouch_one_cm":22980,"tombstone:undead_killed":27,"minecraft:interact_with_smoker":10,"minecraft:mob_kills":89,"minecraft:climb_one_cm":17795,"minecraft:walk_one_cm":1400272,"minecraft:sneak_time":10841,"minecraft:walk_under_water_one_cm":130850,"minecraft:interact_with_blast_furnace":11,"minecraft:total_world_time":624179,"tombstone:raider_killed":15,"minecraft:time_since_rest":64244,"minecraft:damage_taken":17349,"minecraft:swim_one_cm":82139,"minecraft:fly_one_cm":1607149,"minecraft:open_chest":211,"minecraft:fall_one_cm":185726},"minecraft:used":{"alexsmobs:emu_egg":1,"minecraft:moss_block":2,"minecraft:red_sand":1,"minecraft:spruce_slab":92,"minecraft:black_carpet":45,"minecraft:chest":6,"minecraft:shield":23,"minecraft:iron_sword":244,"minecraft:iron_chestplate":2,"minecraft:carrot":2,"minecraft:deepslate_brick_slab":344,"minecraft:tuff":10,"minecraft:stripped_spruce_log":1,"minecraft:obsidian":13,"minecraft:stripped_dark_oak_wood":12,"minecraft:lantern":36,"minecraft:grass_block":206,"alexsmobs:cooked_lobster_tail":8,"minecraft:iron_helmet":1,"minecraft:dark_oak_slab":170,"minecraft:mossy_cobblestone_slab":2,"minecraft:sweet_berries":6,"minecraft:furnace":8,"minecraft:cooked_cod":1,"minecraft:potato":5,"minecraft:deepslate_brick_wall":26,"minecraft:dark_oak_stairs":10,"minecraft:spruce_door":13,"minecraft:stone_pickaxe":131,"minecraft:oak_planks":20,"minecraft:wooden_pickaxe":34,"minecraft:sand":2,"minecraft:blast_furnace":1,"minecraft:crossbow":50,"minecraft:stone_brick_wall":13,"minecraft:cobbled_deepslate_stairs":12,"minecraft:dark_oak_log":23,"minecraft:birch_slab":116,"minecraft:bread":40,"tombstone:grave_key":31,"minecraft:deepslate":194,"minecraft:diamond_sword":39,"minecraft:wooden_sword":42,"minecraft:birch_log":27,"minecraft:coarse_dirt":28,"minecraft:stone_sword":26,"minecraft:stone_shovel":164,"minecraft:spruce_planks":59,"minecraft:stripped_birch_wood":6,"minecraft:cooked_salmon":2,"minecraft:cooked_chicken":5,"minecraft:torch":63,"minecraft:dirt":93,"minecraft:white_carpet":44,"minecraft:spruce_stairs":57,"minecraft:spruce_fence":7,"minecraft:granite":6,"minecraft:dark_oak_planks":142,"minecraft:wooden_axe":112,"minecraft:iron_axe":18,"tombstone:gift":4,"minecraft:cooked_beef":11,"minecraft:cooked_mutton":5,"minecraft:water_bucket":223,"minecraft:birch_planks":153,"minecraft:green_bed":1,"minecraft:cracked_stone_bricks":3,"minecraft:diamond_block":1,"minecraft:oak_slab":1,"minecraft:crafting_table":5,"minecraft:red_bed":4,"minecraft:white_bed":1,"minecraft:cod":1,"minecraft:smoker":1,"minecraft:apple":5,"minecraft:iron_pickaxe":382,"minecraft:spruce_trapdoor":54,"minecraft:stone_axe":127,"minecraft:chiseled_stone_bricks":2,"minecraft:cobblestone":128,"minecraft:cobbled_deepslate_slab":114,"minecraft:porkchop":5,"minecraft:white_banner":2,"minecraft:cooked_porkchop":17,"minecraft:bucket":206,"minecraft:glass_pane":13,"alexsmobs:animal_dictionary":1,"minecraft:candle":3},"minecraft:dropped":{"minecraft:lantern":3,"minecraft:cracked_stone_bricks":1,"minecraft:flint":1,"minecraft:wooden_sword":1,"iceandfire:ash":15,"minecraft:bone":2,"magistuarmory:rustedchainmail_leggings":2,"tombstone:gift":1,"minecraft:rotten_flesh":35,"minecraft:charcoal":25,"minecraft:chest":1,"minecraft:arrow":1,"minecraft:enchanted_book":1,"minecraft:bread":2,"minecraft:poisonous_potato":3,"minecraft:iron_helmet":1,"minecraft:apple":13,"minecraft:stick":39,"illagerinvasion:platinum_chunk":6,"tombstone:grave_dust":8,"minecraft:string":5,"minecraft:cobblestone_wall":2,"minecraft:glass_pane":60,"minecraft:allium":5,"minecraft:spruce_planks":65,"minecraft:iron_chestplate":1,"iceandfire:silver_ingot":5,"minecraft:stone_bricks":1,"minecraft:wooden_pickaxe":1},"minecraft:broken":{"magistuarmory:rustedcrusader_boots":1,"minecraft:golden_boots":1,"minecraft:leather_leggings":1,"minecraft:iron_chestplate":1,"minecraft:stone_pickaxe":1,"minecraft:stone_axe":1,"minecraft:iron_sword":1,"minecraft:wooden_axe":2,"minecraft:stone_shovel":1,"minecraft:iron_axe":1,"minecraft:leather_boots":1,"minecraft:iron_pickaxe":1,"minecraft:iron_helmet":1,"magistuarmory:rustednorman_helmet":1},"minecraft:mined":{"minecraft:dark_oak_planks":21,"minecraft:white_bed":1,"minecraft:spruce_planks":28,"minecraft:cobblestone_stairs":2,"minecraft:spruce_trapdoor":19,"minecraft:potted_dead_bush":1,"minecraft:granite":87,"minecraft:grass_block":33,"minecraft:mossy_cobblestone_slab":5,"minecraft:iron_ore":94,"minecraft:barrel":5,"minecraft:moss_carpet":1,"minecraft:dark_oak_stairs":3,"minecraft:dirt_path":8,"minecraft:oak_stairs":14,"minecraft:azalea":3,"minecraft:spruce_slab":31,"minecraft:green_bed":1,"minecraft:red_bed":5,"minecraft:smoker":3,"minecraft:torch":10,"minecraft:blast_furnace":1,"minecraft:chest":9,"minecraft:cobblestone":11,"minecraft:oak_planks":13,"minecraft:bricks":2,"minecraft:wall_torch":15,"minecraft:dark_oak_slab":4,"minecraft:birch_log":47,"minecraft:grass":14,"minecraft:oak_log":9,"minecraft:sand":2,"minecraft:dirt":153,"minecraft:tripwire_hook":1,"minecraft:oak_leaves":56,"minecraft:deepslate":3,"minecraft:tuff":49,"iceandfire:silver_ore":5,"piglin_expansion:basaltic_blackstone":1,"minecraft:candle":1,"minecraft:dark_oak_log":19,"minecraft:allium":3,"minecraft:spruce_fence":2,"minecraft:birch_slab":1,"minecraft:spruce_leaves":67,"minecraft:moss_block":10,"minecraft:large_fern":1,"minecraft:hay_block":1,"minecraft:furnace":7,"iceandfire:copper_ore":1,"minecraft:deepslate_iron_ore":16,"minecraft:vine":65,"minecraft:lantern":1,"minecraft:potted_spruce_sapling":1,"minecraft:bamboo":2,"minecraft:stone":185,"minecraft:oak_slab":4,"minecraft:acacia_leaves":1,"minecraft:scaffolding":1,"minecraft:spruce_door":10,"minecraft:crafting_table":4,"minecraft:lapis_ore":2,"minecraft:spruce_stairs":29,"minecraft:birch_planks":38,"minecraft:coarse_dirt":42,"minecraft:cobblestone_wall":1,"minecraft:sweet_berry_bush":21,"minecraft:spruce_log":40,"minecraft:birch_leaves":1,"minecraft:white_wall_banner":1,"minecraft:coal_ore":22,"minecraft:flower_pot":2,"minecraft:cobweb":11,"minecraft:cracked_stone_bricks":8,"minecraft:spruce_fence_gate":1,"minecraft:stone_bricks":23,"minecraft:mossy_stone_bricks":12,"minecraft:fern":1},"minecraft:killed":{"alexsmobs:hummingbird":1,"alexsmobs:lobster":18,"minecraft:spider":3,"minecraft:skeleton":5,"minecraft:chicken":4,"minecraft:pig":9,"minecraft:sheep":1,"minecraft:pillager":15,"minecraft:zombie":21,"minecraft:cow":5,"mca:female_zombie_villager":1,"alexsmobs:rocky_roller":1,"alexsmobs:gazelle":1},"minecraft:killed_by":{"minecraft:creeper":1,"minecraft:pillager":3,"minecraft:drowned":1,"minecraft:zombie":5,"iceandfire:fire_dragon":7,"minecraft:player":15,"minecraft:spider":1,"alexsmobs:tiger":2,"minecraft:skeleton":1},"minecraft:picked_up":{"minecraft:iron_chestplate":2,"minecraft:black_carpet":14,"illagerinvasion:platinum_chunk":18,"minecraft:suspicious_stew":6,"minecraft:flower_pot":4,"iceandfire:copper_ore":1,"minecraft:oak_stairs":11,"minecraft:enchanted_book":1,"minecraft:string":22,"minecraft:cooked_salmon":2,"minecraft:cobbled_deepslate":8,"minecraft:spruce_planks":101,"minecraft:white_tulip":9,"minecraft:azalea":4,"minecraft:iron_pickaxe":1,"minecraft:furnace":13,"minecraft:stick":81,"minecraft:torch":33,"minecraft:green_bed":1,"minecraft:spruce_stairs":29,"iceandfire:silver_ore":5,"minecraft:porkchop":23,"tombstone:grave_dust":11,"minecraft:rotten_flesh":81,"alexsmobs:emu_egg":1,"alexsmobs:lobster_tail":8,"minecraft:cobblestone":204,"minecraft:birch_log":46,"minecraft:mossy_cobblestone_slab":5,"minecraft:feather":3,"minecraft:birch_slab":2,"minecraft:water_bucket":1,"minecraft:smoker":5,"minecraft:potato":1,"minecraft:tuff":51,"minecraft:lapis_lazuli":16,"minecraft:dirt":187,"minecraft:lantern":19,"minecraft:bone":6,"minecraft:wheat_seeds":13,"minecraft:mossy_stone_bricks":12,"minecraft:bamboo":19,"minecraft:moss_block":10,"minecraft:oak_planks":17,"minecraft:cooked_porkchop":6,"minecraft:poisonous_potato":3,"minecraft:sand":2,"minecraft:dead_bush":1,"alexsmobs:animal_dictionary":1,"minecraft:barrel":5,"minecraft:dark_oak_log":18,"minecraft:spruce_fence_gate":1,"minecraft:crossbow":8,"minecraft:granite":87,"minecraft:bread":31,"minecraft:emerald":9,"minecraft:oak_sapling":4,"minecraft:bricks":2,"minecraft:crafting_table":5,"minecraft:charcoal":28,"minecraft:coarse_dirt":42,"minecraft:allium":26,"minecraft:chicken":4,"minecraft:shield":2,"minecraft:red_bed":5,"minecraft:moss_carpet":1,"minecraft:white_carpet":15,"minecraft:compass":3,"minecraft:glass_pane":58,"minecraft:blackstone":1,"minecraft:cracked_stone_bricks":9,"minecraft:candle":3,"minecraft:beef":10,"minecraft:jungle_sapling":2,"minecraft:spruce_slab":33,"minecraft:chest":10,"minecraft:birch_sapling":3,"minecraft:spruce_trapdoor":19,"minecraft:dark_oak_sapling":36,"minecraft:raw_iron":107,"sophisticatedbackpacks:backpack":2,"minecraft:spruce_fence":2,"magistuarmory:rustedkettlehat":2,"minecraft:dark_oak_planks":54,"iceandfire:silver_ingot":5,"minecraft:stone_shovel":10,"minecraft:arrow":77,"minecraft:cooked_cod":1,"minecraft:hay_block":1,"minecraft:pink_tulip":6,"minecraft:saddle":2,"minecraft:mutton":2,"minecraft:white_wool":1,"minecraft:tripwire_hook":1,"minecraft:leather":9,"minecraft:filled_map":2,"minecraft:birch_planks":38,"minecraft:oak_log":8,"minecraft:golden_boots":1,"minecraft:cobblestone_wall":2,"minecraft:cobblestone_stairs":2,"minecraft:white_banner":6,"tombstone:gift":3,"minecraft:apple":17,"minecraft:stone_bricks":24,"minecraft:iron_ingot":19,"minecraft:iron_sword":1,"minecraft:dark_oak_stairs":3,"minecraft:oak_slab":5,"minecraft:scaffolding":1,"minecraft:dark_oak_slab":4,"minecraft:smooth_basalt":1,"minecraft:sweet_berries":44,"iceandfire:ash":14,"minecraft:gravel":2,"magistuarmory:rustednorman_helmet":3,"minecraft:spruce_sapling":5,"minecraft:blast_furnace":1,"minecraft:white_bed":2,"minecraft:spruce_log":40,"magistuarmory:rustedchainmail_leggings":2,"minecraft:spruce_door":13,"magistuarmory:rustedcrusader_boots":1,"minecraft:coal":36},"minecraft:crafted":{"minecraft:oak_planks":32,"minecraft:cooked_chicken":4,"minecraft:stone":21,"minecraft:cobblestone_stairs":8,"minecraft:cooked_mutton":2,"minecraft:iron_boots":1,"minecraft:chest":2,"sophisticatedbackpacks:backpack":1,"minecraft:cooked_porkchop":17,"minecraft:crafting_table":3,"minecraft:spruce_planks":136,"minecraft:iron_helmet":1,"minecraft:spruce_door":3,"minecraft:birch_planks":88,"minecraft:spruce_trapdoor":14,"minecraft:iron_chestplate":1,"minecraft:shield":2,"minecraft:stick":8,"minecraft:iron_ingot":83,"minecraft:iron_pickaxe":2,"minecraft:stone_sword":1,"minecraft:wooden_sword":1,"minecraft:spruce_stairs":32,"minecraft:spruce_slab":12,"minecraft:stone_pickaxe":1,"minecraft:cobbled_deepslate_stairs":12,"minecraft:dark_oak_planks":120,"sophisticatedbackpacks:iron_backpack":1,"minecraft:cooked_beef":11,"iceandfire:silver_ingot":5,"minecraft:dark_oak_stairs":8,"alexsmobs:cooked_lobster_tail":8,"minecraft:iron_sword":1,"minecraft:cooked_salmon":2,"minecraft:bucket":1,"minecraft:stone_axe":1,"minecraft:air":0,"minecraft:wooden_axe":2,"minecraft:iron_leggings":1,"minecraft:torch":64}},"DataVersion":2975}