{"stats":{"minecraft:killed_by":{"minecraft:player":2,"alexsmobs:rocky_roller":1,"minecraft:creeper":2,"minecraft:pillager":5,"minecraft:vindicator":2,"minecraft:skeleton":5,"minecraft:zombie":9,"iceandfire:fire_dragon":6},"minecraft:picked_up":{"minecraft:black_carpet":1,"minecraft:crafting_table":1,"minecraft:iron_chestplate":1,"minecraft:coarse_dirt":8,"minecraft:allium":2,"illagerinvasion:platinum_chunk":8,"iceandfire:copper_ore":1,"iceandfire:fire_lily":1,"minecraft:wooden_pickaxe":1,"minecraft:enchanted_book":1,"minecraft:shield":2,"minecraft:string":7,"minecraft:wooden_sword":1,"minecraft:iron_leggings":1,"minecraft:gold_nugget":18,"minecraft:cobbled_deepslate":3,"minecraft:comparator":4,"minecraft:beef":17,"minecraft:chest":1,"minecraft:birch_sapling":1,"minecraft:iron_boots":1,"minecraft:dark_oak_sapling":3,"minecraft:stick":18,"minecraft:raw_iron":92,"minecraft:oak_fence":1,"minecraft:torch":11,"iceandfire:silver_ore":31,"minecraft:porkchop":20,"magistuarmory:rusted_heavymace":1,"magistuarmory:rustedkettlehat":1,"minecraft:pointed_dripstone":1,"tombstone:grave_dust":1,"minecraft:diorite":2,"magistuarmory:rustedcrusader_chestplate":1,"minecraft:dark_oak_planks":3,"minecraft:rotten_flesh":17,"minecraft:stone_shovel":5,"minecraft:pink_tulip":9,"alexsmobs:emu_egg":1,"minecraft:mutton":3,"minecraft:cobblestone":96,"alexsmobs:flying_fish":1,"minecraft:white_wool":2,"minecraft:basalt":2,"minecraft:leather":9,"paraglider:spirit_orb":4,"minecraft:oak_log":5,"minecraft:dirt":128,"minecraft:white_banner":1,"tombstone:gift":3,"minecraft:cooked_mutton":3,"minecraft:bone":3,"minecraft:stone_bricks":6,"iceandfire:pixie_jar_empty":3,"minecraft:wheat_seeds":2,"minecraft:iron_ingot":1,"magistuarmory:iron_stylet":2,"minecraft:oak_planks":2,"iceandfire:copper_nugget":28,"minecraft:sweet_berries":45,"minecraft:dandelion":2,"minecraft:gravel":2,"minecraft:sand":1,"minecraft:grass_block":1,"minecraft:white_bed":1,"minecraft:spruce_log":1,"magistuarmory:rustedchainmail_leggings":2,"minecraft:dark_oak_log":14,"minecraft:spider_eye":1,"minecraft:leather_helmet":1,"minecraft:purple_bed":6,"minecraft:diamond":3,"magistuarmory:rustedcrusader_boots":2,"minecraft:iron_helmet":1,"minecraft:granite":43,"minecraft:emerald":9,"minecraft:bread":12,"minecraft:terracotta":3,"iceandfire:silver_nugget":10,"minecraft:coal":68},"minecraft:crafted":{"minecraft:wooden_sword":1,"minecraft:oak_planks":20,"minecraft:stone_shovel":1,"magistuarmory:hilt":2,"minecraft:stone_pickaxe":1,"minecraft:chest":2,"minecraft:dark_oak_planks":56,"magistuarmory:iron_stylet":1,"sophisticatedbackpacks:backpack":1,"minecraft:crafting_table":2,"minecraft:spruce_planks":4,"magistuarmory:wood_heavymace":1,"minecraft:shield":1,"minecraft:stick":48,"minecraft:wooden_axe":1,"minecraft:torch":128,"magistuarmory:leather_strip":6},"minecraft:killed":{"minecraft:spider":5,"minecraft:vindicator":1,"minecraft:skeleton":1,"minecraft:skeleton_horse":1,"alexsmobs:flying_fish":1,"minecraft:pig":9,"minecraft:creeper":1,"minecraft:sheep":2,"minecraft:pillager":17,"minecraft:zombie":17,"minecraft:cow":7},"minecraft:custom":{"minecraft:mob_kills":61,"minecraft:interact_with_crafting_table":14,"minecraft:bell_ring":1,"minecraft:leave_game":6,"minecraft:time_since_death":621,"minecraft:climb_one_cm":10788,"minecraft:sprint_one_cm":791687,"minecraft:walk_one_cm":778673,"minecraft:damage_blocked_by_shield":911,"minecraft:drop":31,"minecraft:play_time":409489,"minecraft:sneak_time":11076,"minecraft:deaths":40,"minecraft:walk_under_water_one_cm":36140,"minecraft:boat_one_cm":55446,"minecraft:jump":6240,"minecraft:walk_on_water_one_cm":46754,"minecraft:total_world_time":413142,"tombstone:raider_killed":18,"minecraft:sleep_in_bed":21,"minecraft:time_since_rest":651,"minecraft:damage_taken":14043,"tombstone:sneak_grave":1,"minecraft:damage_dealt":11656,"minecraft:swim_one_cm":59683,"minecraft:fly_one_cm":1282079,"minecraft:player_kills":5,"minecraft:open_chest":34,"minecraft:crouch_one_cm":15385,"tombstone:undead_killed":19,"minecraft:fall_one_cm":173938},"minecraft:used":{"magistuarmory:rusted_heavymace":70,"minecraft:stone_shovel":193,"minecraft:chest":2,"minecraft:spruce_planks":4,"minecraft:shield":19,"minecraft:stone":21,"minecraft:cooked_chicken":2,"minecraft:torch":132,"minecraft:dirt":116,"minecraft:mutton":3,"minecraft:carrot":10,"minecraft:granite":36,"minecraft:light_blue_stained_glass":1,"minecraft:dark_oak_planks":18,"minecraft:wooden_axe":34,"minecraft:grass_block":21,"minecraft:dark_oak_slab":16,"minecraft:basalt":2,"minecraft:sweet_berries":60,"minecraft:podzol":8,"tombstone:gift":11,"minecraft:cobbled_deepslate":3,"iceandfire:pixie_jar_empty":1,"minecraft:cooked_mutton":4,"minecraft:diorite":2,"minecraft:birch_planks":2,"minecraft:stone_pickaxe":134,"minecraft:wooden_pickaxe":27,"minecraft:redstone_block":8,"magistuarmory:iron_stylet":162,"magistuarmory:diamond_shortsword":1,"minecraft:comparator":7,"minecraft:crafting_table":3,"minecraft:magenta_bed":1,"minecraft:white_bed":14,"alexsmobs:flying_fish":1,"minecraft:lever":5,"minecraft:apple":2,"minecraft:command_block":41,"minecraft:bread":36,"minecraft:iron_pickaxe":214,"minecraft:stone_button":3,"tombstone:grave_key":13,"minecraft:gravel":1,"minecraft:wooden_sword":25,"minecraft:cobblestone":86,"minecraft:purple_bed":5,"minecraft:porkchop":10,"minecraft:cooked_porkchop":6,"iceandfire:fire_lily":1,"minecraft:coarse_dirt":6,"magistuarmory:wood_heavymace":29,"alexsmobs:emu_egg":1},"minecraft:broken":{"minecraft:leather_helmet":1,"magistuarmory:rustedcrusader_boots":1,"magistuarmory:rustedcrusader_chestplate":1,"magistuarmory:rusted_heavymace":1,"minecraft:stone_pickaxe":1,"minecraft:stone_shovel":1,"magistuarmory:rustedchainmail_leggings":1},"minecraft:dropped":{"minecraft:bread":1,"magistuarmory:rustedkettlehat":1,"magistuarmory:iron_stylet":2,"minecraft:oak_fence":1,"minecraft:cobblestone":6,"minecraft:grass_block":1,"minecraft:coal":2,"minecraft:stick":8,"minecraft:dirt":9,"iceandfire:pixie_jar_empty":1,"minecraft:wooden_sword":2,"minecraft:sand":1,"minecraft:string":1,"minecraft:dandelion":2,"minecraft:pink_tulip":4,"magistuarmory:rustedchainmail_leggings":1,"minecraft:gravel":1,"tombstone:gift":2,"minecraft:pointed_dripstone":1,"minecraft:stone_shovel":3,"minecraft:rotten_flesh":7,"minecraft:leather_leggings":1,"minecraft:stone_bricks":3,"minecraft:wooden_pickaxe":1},"minecraft:mined":{"iceandfire:lightning_lily":1,"minecraft:dark_oak_planks":3,"minecraft:tuff":1,"iceandfire:silver_ore":31,"minecraft:dark_oak_leaves":2,"minecraft:deepslate_diamond_ore":3,"iceandfire:copper_pile":4,"minecraft:dark_oak_log":14,"minecraft:glow_lichen":1,"minecraft:granite":56,"minecraft:grass_block":21,"minecraft:spruce_leaves":5,"minecraft:kelp":1,"minecraft:spawner":1,"iceandfire:copper_ore":1,"minecraft:iron_ore":81,"minecraft:fire":7,"minecraft:andesite":1,"minecraft:deepslate_iron_ore":13,"iceandfire:gold_pile":3,"minecraft:vine":1,"minecraft:dirt_path":40,"minecraft:stone":80,"iceandfire:pixie_jar_empty":1,"minecraft:podzol":6,"minecraft:kelp_plant":1,"minecraft:basalt":2,"minecraft:crafting_table":1,"minecraft:torch":1,"iceandfire:fire_lily":1,"minecraft:tall_grass":2,"minecraft:cobblestone":7,"minecraft:oak_planks":2,"minecraft:diorite":7,"minecraft:wall_torch":3,"minecraft:purple_bed":6,"minecraft:coarse_dirt":8,"minecraft:sweet_berry_bush":27,"minecraft:spruce_log":1,"minecraft:birch_leaves":1,"minecraft:grass":17,"minecraft:oak_log":5,"minecraft:coal_ore":66,"iceandfire:silver_pile":3,"minecraft:gravel":1,"minecraft:sand":1,"minecraft:dirt":56,"minecraft:terracotta":3,"minecraft:stone_bricks":3,"minecraft:oak_leaves":5,"minecraft:deepslate_emerald_ore":1,"minecraft:deepslate":4,"minecraft:fern":4}},"DataVersion":2975}