{"stats":{"minecraft:custom":{"minecraft:interact_with_crafting_table":161,"minecraft:bell_ring":4,"minecraft:leave_game":19,"minecraft:time_since_death":111030,"minecraft:sprint_one_cm":3025636,"minecraft:damage_blocked_by_shield":2361,"minecraft:drop":81,"minecraft:talked_to_villager":3,"minecraft:play_time":1320688,"minecraft:deaths":64,"tombstone:tomb_raiding":1,"minecraft:jump":18837,"minecraft:walk_on_water_one_cm":170720,"minecraft:interact_with_furnace":130,"minecraft:sleep_in_bed":44,"tombstone:sneak_grave":3,"minecraft:damage_dealt":32025,"minecraft:player_kills":6,"minecraft:crouch_one_cm":362610,"tombstone:undead_killed":74,"minecraft:interact_with_smoker":3,"minecraft:mob_kills":161,"minecraft:damage_dealt_resisted":255,"minecraft:climb_one_cm":36048,"minecraft:walk_one_cm":3052353,"minecraft:damage_dealt_absorbed":86,"minecraft:sneak_time":115458,"minecraft:walk_under_water_one_cm":156304,"minecraft:boat_one_cm":55446,"minecraft:interact_with_blast_furnace":34,"minecraft:total_world_time":1324341,"tombstone:raider_killed":22,"minecraft:time_since_rest":103379,"minecraft:damage_taken":28960,"minecraft:swim_one_cm":241264,"minecraft:fly_one_cm":3613952,"minecraft:open_chest":464,"minecraft:fall_one_cm":419561},"minecraft:used":{"magistuarmory:wood_heavymace":50,"minecraft:writable_book":1,"magistuarmory:rusted_heavymace":70,"minecraft:iron_shovel":682,"minecraft:spruce_slab":3,"minecraft:shield":20,"minecraft:chest":25,"minecraft:stone":21,"minecraft:iron_sword":47,"magistuarmory:wood_heatershield":37,"minecraft:bell":4,"minecraft:iron_chestplate":1,"paraglider:goddess_statue":1,"minecraft:mutton":9,"minecraft:blue_stained_glass":2,"minecraft:carrot":10,"minecraft:tuff":27,"minecraft:axolotl_bucket":2,"minecraft:glass":1,"minecraft:lava_bucket":3,"minecraft:grass_block":21,"minecraft:bricks":52,"minecraft:lantern":4,"mca:gravelling_headstone":3,"minecraft:iron_helmet":1,"minecraft:dark_oak_slab":16,"minecraft:bow":1,"minecraft:sweet_berries":145,"minecraft:furnace":10,"minecraft:gray_bed":1,"minecraft:potato":158,"magistuarmory:iron_shortsword":177,"iceandfire:pixie_jar_empty":1,"minecraft:dark_oak_sapling":1,"minecraft:diorite":2,"minecraft:damaged_anvil":1,"minecraft:spruce_door":9,"minecraft:oak_planks":3,"minecraft:stone_pickaxe":152,"minecraft:wooden_pickaxe":27,"minecraft:redstone_block":8,"minecraft:composter":1,"minecraft:clay":3,"minecraft:blue_bed":1,"magistuarmory:diamond_shortsword":1,"minecraft:blast_furnace":3,"iceandfire:silver_axe":383,"iceandfire:silver_pickaxe":922,"minecraft:lever":5,"minecraft:dark_oak_log":5,"minecraft:bread":84,"minecraft:stone_button":3,"minecraft:lectern":1,"magistuarmory:iron_ahlspiess":18,"tombstone:grave_key":18,"minecraft:gravel":1,"minecraft:wooden_sword":25,"mca:cross_headstone":1,"minecraft:grindstone":1,"minecraft:andesite":11,"minecraft:birch_log":4,"iceandfire:fire_lily":1,"minecraft:coarse_dirt":13,"minecraft:bone_meal":24,"minecraft:iron_bars":6,"minecraft:flint_and_steel":1,"minecraft:armor_stand":1,"minecraft:stone_shovel":272,"minecraft:dried_kelp":4,"magistuarmory:iron_kiteshield":12,"minecraft:spruce_planks":514,"minecraft:cooked_chicken":6,"minecraft:dirt":972,"minecraft:torch":543,"magistuarmory:steel_shortsword":181,"minecraft:cobblestone_wall":8,"minecraft:light_blue_stained_glass":1,"minecraft:granite":48,"minecraft:spruce_fence":7,"minecraft:dark_oak_planks":225,"minecraft:wooden_axe":34,"minecraft:iron_axe":452,"minecraft:basalt":2,"minecraft:beef":5,"minecraft:podzol":8,"tombstone:gift":11,"minecraft:cooked_beef":10,"minecraft:cobbled_deepslate":217,"minecraft:cooked_mutton":4,"minecraft:wheat_seeds":3,"minecraft:water_bucket":138,"minecraft:cobblestone_stairs":78,"minecraft:birch_planks":66,"minecraft:baked_potato":111,"minecraft:green_bed":5,"minecraft:cauldron":1,"magistuarmory:iron_stylet":185,"minecraft:comparator":7,"minecraft:crafting_table":9,"minecraft:magenta_bed":1,"minecraft:white_bed":28,"alexsmobs:flying_fish":1,"minecraft:spruce_log":28,"minecraft:dark_oak_door":3,"minecraft:smoker":1,"minecraft:blue_stained_glass_pane":7,"minecraft:oak_log":6,"minecraft:diamond_pickaxe":1195,"minecraft:apple":3,"minecraft:command_block":41,"minecraft:iron_pickaxe":1253,"minecraft:stone_slab":3,"minecraft:stone_axe":139,"iceandfire:silver_hoe":63,"minecraft:cobblestone":767,"minecraft:purple_bed":9,"minecraft:porkchop":10,"minecraft:cooked_porkchop":15,"minecraft:bucket":143,"minecraft:glass_pane":73,"minecraft:yellow_bed":4,"magistuarmory:steel_chainmorgenstern":4,"iceandfire:silver_shovel":1288,"minecraft:candle":3,"alexsmobs:emu_egg":1},"minecraft:dropped":{"magistuarmory:iron_stylet":2,"minecraft:crafting_table":1,"minecraft:cooked_porkchop":2,"minecraft:crossbow":2,"minecraft:saddle":1,"magistuarmory:rustednorman_helmet":1,"minecraft:dirt":10,"iceandfire:pixie_jar_empty":1,"minecraft:cooked_cod":1,"minecraft:wooden_sword":2,"minecraft:sand":1,"minecraft:dark_oak_planks":15,"minecraft:bone":3,"magistuarmory:rustedchainmail_leggings":1,"minecraft:gravel":1,"minecraft:cobbled_deepslate":11,"minecraft:pointed_dripstone":1,"tombstone:gift":2,"minecraft:rotten_flesh":15,"minecraft:gunpowder":1,"minecraft:mossy_stone_brick_wall":1,"minecraft:leather_leggings":1,"minecraft:arrow":1,"minecraft:bread":1,"magistuarmory:rustedkettlehat":1,"minecraft:wheat_seeds":2,"minecraft:oak_fence":1,"minecraft:cobblestone":6,"minecraft:grass_block":1,"minecraft:coal":2,"minecraft:stick":8,"magistuarmory:rustedcrusader_boots":1,"illagerinvasion:platinum_chunk":5,"minecraft:torch":3,"tombstone:grave_dust":1,"minecraft:string":3,"minecraft:pink_tulip":4,"minecraft:dandelion":2,"minecraft:stone_shovel":8,"sophisticatedbackpacks:backpack":1,"minecraft:glass_pane":58,"minecraft:filled_map":1,"minecraft:potato":9,"minecraft:shield":1,"minecraft:allium":2,"minecraft:spruce_planks":96,"minecraft:iron_chestplate":1,"minecraft:spider_eye":1,"minecraft:stone_bricks":3,"minecraft:wooden_pickaxe":1},"minecraft:broken":{"magistuarmory:rustedcrusader_boots":1,"minecraft:iron_shovel":1,"minecraft:iron_boots":1,"minecraft:iron_chestplate":1,"minecraft:iron_leggings":1,"iceandfire:silver_pickaxe":2,"magistuarmory:rusted_heavymace":1,"minecraft:stone_pickaxe":1,"minecraft:stone_axe":1,"iceandfire:silver_shovel":2,"minecraft:stone_shovel":2,"minecraft:leather_helmet":1,"magistuarmory:rustedcrusader_chestplate":1,"minecraft:iron_axe":1,"magistuarmory:iron_shortsword":1,"minecraft:iron_pickaxe":5,"minecraft:iron_helmet":1,"iceandfire:silver_axe":1,"magistuarmory:rustedchainmail_leggings":1},"minecraft:mined":{"minecraft:dark_oak_planks":80,"minecraft:spruce_planks":158,"minecraft:white_bed":7,"minecraft:farmland":1,"minecraft:black_candle_cake":1,"iceandfire:copper_pile":4,"minecraft:cobblestone_stairs":39,"minecraft:jungle_leaves":1,"minecraft:brewing_stand":1,"minecraft:obsidian":1,"minecraft:spruce_trapdoor":6,"minecraft:granite":381,"minecraft:stone_brick_wall":1,"minecraft:grass_block":1090,"minecraft:acacia_log":10,"iceandfire:lectern":1,"minecraft:composter":1,"minecraft:red_stained_glass_pane":2,"minecraft:spawner":8,"minecraft:magma_block":2,"minecraft:iron_ore":131,"minecraft:fire":7,"minecraft:cobbled_deepslate":83,"minecraft:target":4,"minecraft:deepslate_lapis_ore":8,"minecraft:fletching_table":2,"iceandfire:gold_pile":8,"minecraft:water_cauldron":4,"minecraft:dirt_path":42,"minecraft:iron_bars":2,"minecraft:pink_tulip":1,"minecraft:green_bed":5,"minecraft:tripwire":1,"minecraft:deepslate_redstone_ore":40,"minecraft:blackstone":20,"minecraft:kelp_plant":3,"minecraft:powder_snow":2,"minecraft:clay":68,"minecraft:torch":16,"minecraft:blast_furnace":1,"minecraft:chest":13,"iceandfire:fire_lily":1,"minecraft:glass":1,"minecraft:cobblestone":174,"minecraft:damaged_anvil":1,"minecraft:oak_planks":18,"minecraft:sugar_cane":1,"minecraft:grindstone":2,"minecraft:wall_torch":25,"minecraft:deepslate_copper_ore":3,"mca:cross_headstone":1,"minecraft:chain":3,"minecraft:mossy_stone_brick_wall":1,"minecraft:birch_log":30,"minecraft:grass":30,"minecraft:oak_log":17,"minecraft:dark_oak_sapling":1,"minecraft:loom":3,"minecraft:sand":311,"minecraft:dirt":539,"minecraft:smooth_basalt":1,"minecraft:deepslate":344,"minecraft:oak_leaves":37,"iceandfire:lightning_lily":2,"minecraft:tuff":473,"iceandfire:silver_ore":40,"minecraft:blue_stained_glass_pane":3,"minecraft:dark_oak_leaves":51,"minecraft:deepslate_diamond_ore":34,"minecraft:candle":5,"minecraft:dark_oak_log":155,"minecraft:gray_stained_glass_pane":2,"minecraft:glow_lichen":1,"minecraft:spruce_fence":2,"minecraft:spruce_leaves":73,"minecraft:birch_slab":1,"minecraft:kelp":1,"minecraft:cartography_table":1,"minecraft:moss_block":9,"minecraft:large_fern":23,"minecraft:hay_block":30,"minecraft:spruce_sapling":1,"minecraft:furnace":6,"iceandfire:copper_ore":27,"minecraft:andesite":24,"minecraft:stripped_spruce_log":5,"minecraft:bell":4,"minecraft:bookshelf":17,"minecraft:potatoes":71,"minecraft:deepslate_iron_ore":128,"minecraft:vine":2,"minecraft:lantern":4,"minecraft:stripped_oak_log":2,"minecraft:bamboo":1,"minecraft:stone":1047,"iceandfire:podium_spruce":1,"iceandfire:pixie_jar_empty":1,"minecraft:podzol":6,"minecraft:acacia_leaves":28,"minecraft:glass_pane":9,"minecraft:stripped_dark_oak_log":2,"minecraft:basalt":2,"minecraft:spruce_door":2,"minecraft:oak_fence":1,"minecraft:crafting_table":4,"minecraft:cornflower":1,"minecraft:campfire":2,"minecraft:lectern":1,"minecraft:stone_slab":5,"minecraft:copper_ore":1,"minecraft:tall_grass":16,"minecraft:deepslate_coal_ore":15,"minecraft:deepslate_gold_ore":44,"minecraft:diorite":7,"minecraft:blue_bed":2,"minecraft:spruce_stairs":3,"minecraft:purple_bed":10,"minecraft:coarse_dirt":37,"minecraft:cobblestone_wall":2,"minecraft:beehive":1,"minecraft:sweet_berry_bush":63,"minecraft:gray_bed":2,"minecraft:spruce_log":197,"minecraft:birch_leaves":4,"iceandfire:ash":7,"minecraft:yellow_bed":5,"minecraft:coal_ore":377,"iceandfire:silver_pile":3,"minecraft:gravel":11,"minecraft:cobweb":223,"minecraft:terracotta":7,"minecraft:stone_bricks":3,"minecraft:deepslate_emerald_ore":1,"minecraft:iron_trapdoor":2,"minecraft:fern":10,"paraglider:goddess_statue":1},"minecraft:killed":{"minecraft:cave_spider":5,"iceandfire:hippogryph":1,"minecraft:spider":18,"minecraft:skeleton":22,"minecraft:bee":1,"minecraft:silverfish":3,"alexsmobs:centipede_head":3,"minecraft:skeleton_horse":1,"minecraft:pig":9,"minecraft:creeper":2,"minecraft:sheep":7,"minecraft:pillager":20,"minecraft:zombie":51,"minecraft:cow":7,"alexsmobs:tiger":2,"minecraft:vindicator":1,"illagerinvasion:marauder":1,"alexsmobs:tasmanian_devil":1,"alexsmobs:flying_fish":1,"minecraft:bat":1},"minecraft:killed_by":{"minecraft:creeper":3,"minecraft:pillager":5,"minecraft:vindicator":2,"minecraft:zombie":11,"iceandfire:fire_dragon":6,"minecraft:player":6,"alexsmobs:rocky_roller":1,"alexsmobs:tiger":2,"alexsmobs:centipede_head":2,"minecraft:skeleton":8,"illagerinvasion:marauder":1},"minecraft:picked_up":{"minecraft:iron_chestplate":2,"minecraft:wheat":1,"minecraft:black_carpet":1,"illagerinvasion:platinum_chunk":14,"minecraft:iron_trapdoor":2,"iceandfire:copper_ore":26,"minecraft:stone_slab":4,"minecraft:enchanted_book":1,"minecraft:brewing_stand":1,"iceandfire:manuscript":1,"paraglider:goddess_statue":1,"minecraft:string":244,"minecraft:raw_copper":21,"minecraft:iron_leggings":2,"minecraft:armor_stand":2,"minecraft:activator_rail":4,"illagerinvasion:platinum_infused_hatchet":1,"minecraft:smooth_stone":6,"minecraft:gold_nugget":52,"minecraft:cobbled_deepslate":445,"minecraft:comparator":4,"minecraft:spruce_planks":265,"minecraft:iron_pickaxe":1,"minecraft:iron_boots":2,"minecraft:furnace":5,"minecraft:dark_oak_door":1,"minecraft:beehive":1,"minecraft:stick":86,"minecraft:composter":1,"minecraft:oak_fence":4,"minecraft:torch":67,"minecraft:acacia_log":9,"minecraft:green_bed":5,"minecraft:spruce_stairs":3,"iceandfire:silver_ore":40,"magistuarmory:rusted_heavymace":1,"minecraft:porkchop":20,"minecraft:target":4,"minecraft:pointed_dripstone":1,"tombstone:grave_dust":14,"minecraft:diorite":2,"magistuarmory:rustedcrusader_chestplate":1,"alexsmobs:centipede_leg":4,"minecraft:cauldron":4,"minecraft:rotten_flesh":57,"alexsmobs:emu_egg":1,"minecraft:obsidian":1,"minecraft:iron_bars":2,"alexsmobs:flying_fish":1,"minecraft:cobblestone":1235,"minecraft:birch_log":31,"minecraft:magma_block":2,"minecraft:feather":1,"minecraft:andesite":23,"minecraft:potato":297,"paraglider:spirit_orb":18,"minecraft:flint":1,"minecraft:tuff":484,"minecraft:lapis_lazuli":54,"minecraft:dirt":1976,"minecraft:lantern":4,"minecraft:bone":27,"minecraft:bow":2,"minecraft:wheat_seeds":25,"minecraft:raw_gold":43,"minecraft:bell":5,"minecraft:grindstone":2,"minecraft:fletching_table":2,"magistuarmory:iron_stylet":2,"minecraft:bamboo":11,"minecraft:powered_rail":1,"minecraft:moss_block":9,"minecraft:oak_planks":24,"iceandfire:podium_spruce":1,"minecraft:poisonous_potato":1,"minecraft:sand":326,"minecraft:stripped_spruce_log":5,"minecraft:grass_block":1,"minecraft:loom":3,"minecraft:dark_oak_log":155,"minecraft:bundle":1,"minecraft:diamond":36,"iceandfire:lectern":1,"minecraft:lever":2,"minecraft:granite":367,"minecraft:golden_apple":1,"minecraft:emerald":10,"minecraft:bread":13,"iceandfire:silver_nugget":11,"minecraft:charcoal":4,"minecraft:coarse_dirt":34,"minecraft:crafting_table":4,"minecraft:allium":8,"minecraft:clay_ball":268,"iceandfire:fire_lily":1,"minecraft:wooden_pickaxe":1,"minecraft:chain":3,"minecraft:shield":3,"minecraft:cornflower":1,"minecraft:iron_axe":1,"minecraft:wooden_sword":1,"minecraft:iron_shovel":1,"minecraft:blackstone":20,"minecraft:glass_pane":60,"minecraft:cartography_table":1,"minecraft:candle":18,"minecraft:beef":17,"magistuarmory:knight_leggings":1,"minecraft:minecart":3,"minecraft:light_gray_wool":1,"magistuarmory:knight_boots":1,"minecraft:lectern":1,"minecraft:sugar_cane":3,"minecraft:chest":17,"minecraft:birch_sapling":1,"minecraft:spruce_trapdoor":5,"minecraft:dark_oak_sapling":46,"minecraft:raw_iron":257,"minecraft:spruce_fence":2,"sophisticatedbackpacks:backpack":2,"magistuarmory:rustedkettlehat":1,"minecraft:redstone":185,"minecraft:dark_oak_planks":86,"iceandfire:silver_ingot":19,"minecraft:arrow":20,"minecraft:stone_shovel":6,"minecraft:cooked_cod":1,"minecraft:hay_block":30,"minecraft:pink_tulip":11,"minecraft:glow_berries":12,"minecraft:mutton":11,"minecraft:rail":27,"minecraft:white_wool":6,"minecraft:stripped_oak_log":2,"minecraft:basalt":2,"minecraft:leather":13,"magistuarmory:armet":1,"minecraft:filled_map":1,"minecraft:oak_log":17,"minecraft:yellow_bed":5,"minecraft:cobblestone_wall":2,"minecraft:gunpowder":1,"minecraft:cobblestone_stairs":39,"minecraft:blue_bed":2,"minecraft:paper":1,"minecraft:white_banner":2,"tombstone:gift":3,"minecraft:cooked_mutton":3,"minecraft:apple":5,"minecraft:stone_bricks":6,"iceandfire:pixie_jar_empty":3,"minecraft:kelp":4,"minecraft:iron_ingot":20,"minecraft:cooked_chicken":4,"minecraft:mossy_stone_brick_wall":1,"minecraft:gray_bed":2,"minecraft:acacia_sapling":3,"minecraft:book":51,"iceandfire:copper_nugget":28,"minecraft:smooth_basalt":1,"minecraft:black_candle":1,"minecraft:sweet_berries":225,"iceandfire:ash":7,"minecraft:dandelion":2,"magistuarmory:knight_chestplate":1,"minecraft:gravel":14,"minecraft:spruce_sapling":101,"minecraft:blast_furnace":1,"minecraft:white_bed":8,"minecraft:spruce_log":259,"magistuarmory:rustedchainmail_leggings":2,"minecraft:spruce_door":6,"minecraft:spider_eye":5,"minecraft:leather_helmet":1,"minecraft:purple_bed":9,"magistuarmory:rustedcrusader_boots":2,"minecraft:iron_helmet":2,"minecraft:terracotta":7,"tombstone:magic_scroll":3,"minecraft:damaged_anvil":1,"minecraft:melon_seeds":3,"minecraft:stripped_dark_oak_log":2,"minecraft:coal":424},"minecraft:crafted":{"minecraft:brick":252,"minecraft:smooth_stone":12,"minecraft:oak_planks":28,"iceandfire:silver_shovel":3,"minecraft:blue_stained_glass_pane":24,"minecraft:birch_slab":6,"minecraft:cobblestone_stairs":56,"minecraft:stone":12,"minecraft:bookshelf":1,"magistuarmory:iron_shortsword":1,"minecraft:iron_bars":16,"minecraft:dark_oak_door":6,"minecraft:glass":267,"minecraft:iron_boots":1,"magistuarmory:steel_shortsword":1,"minecraft:chest":16,"minecraft:bricks":59,"magistuarmory:pole":1,"minecraft:smoker":1,"iceandfire:silver_axe":1,"magistuarmory:steel_nugget":18,"magistuarmory:steel_chainmorgenstern":1,"minecraft:blue_stained_glass":8,"magistuarmory:iron_stylet":1,"magistuarmory:wood_kiteshield":2,"sophisticatedbackpacks:backpack":1,"minecraft:cooked_porkchop":9,"minecraft:crafting_table":6,"minecraft:spruce_planks":936,"minecraft:iron_helmet":1,"minecraft:baked_potato":138,"magistuarmory:steel_chain":1,"minecraft:spruce_door":3,"mca:cross_headstone":1,"minecraft:birch_planks":96,"mca:gravelling_headstone":3,"magistuarmory:halfarmor_chestplate":1,"magistuarmory:stone_kiteshield":1,"minecraft:lectern":1,"minecraft:diamond_pickaxe":1,"minecraft:shield":1,"minecraft:stick":153,"minecraft:iron_ingot":160,"minecraft:iron_pickaxe":4,"minecraft:composter":1,"magistuarmory:leather_strip":12,"minecraft:wooden_sword":1,"mca:blueprint":2,"minecraft:stone_shovel":1,"magistuarmory:iron_kiteshield":1,"minecraft:iron_nugget":72,"magistuarmory:wood_heatershield":1,"minecraft:furnace":8,"minecraft:blast_furnace":2,"mca:book_blueprint":1,"minecraft:bone_meal":24,"minecraft:spruce_fence":6,"minecraft:glass_pane":176,"minecraft:flint_and_steel":1,"magistuarmory:hilt":7,"minecraft:lantern":1,"magistuarmory:knight_leggings":1,"minecraft:iron_axe":3,"magistuarmory:steel_ingot":47,"minecraft:spruce_slab":18,"mca:book_supporters":1,"minecraft:stone_pickaxe":2,"minecraft:cobblestone_wall":6,"magistuarmory:barbute":1,"magistuarmory:iron_ahlspiess":1,"minecraft:dark_oak_planks":456,"magistuarmory:steel_ring":8,"magistuarmory:steel_plate":16,"sophisticatedbackpacks:iron_backpack":1,"minecraft:wheat":297,"minecraft:cooked_beef":10,"paraglider:paraglider":1,"iceandfire:silver_ingot":20,"minecraft:dried_kelp":4,"magistuarmory:wood_heavymace":1,"minecraft:blue_bed":1,"minecraft:bucket":2,"minecraft:stone_axe":2,"minecraft:bread":59,"minecraft:air":0,"minecraft:blue_dye":7,"magistuarmory:gothic_boots":1,"minecraft:white_wool":24,"minecraft:wooden_axe":1,"minecraft:iron_shovel":1,"minecraft:white_bed":8,"iceandfire:silver_pickaxe":2,"minecraft:torch":476,"iceandfire:silver_hoe":2}},"DataVersion":2975}