{"stats":{"minecraft:crafted":{"minecraft:brick":154,"minecraft:smooth_stone":9,"minecraft:oak_planks":24,"iceandfire:silver_shovel":2,"minecraft:blue_stained_glass_pane":24,"minecraft:cobblestone_stairs":8,"minecraft:stone":9,"magistuarmory:iron_shortsword":1,"minecraft:dark_oak_door":3,"minecraft:glass":267,"minecraft:iron_boots":1,"minecraft:chest":5,"magistuarmory:pole":1,"minecraft:bricks":37,"iceandfire:silver_axe":1,"magistuarmory:steel_chainmorgenstern":1,"magistuarmory:steel_nugget":9,"minecraft:blue_stained_glass":8,"magistuarmory:iron_stylet":1,"magistuarmory:wood_kiteshield":2,"sophisticatedbackpacks:backpack":1,"minecraft:cooked_porkchop":9,"minecraft:crafting_table":6,"minecraft:spruce_planks":836,"minecraft:iron_helmet":1,"minecraft:baked_potato":48,"magistuarmory:steel_chain":1,"minecraft:spruce_door":3,"magistuarmory:stone_kiteshield":1,"minecraft:diamond_pickaxe":1,"minecraft:shield":1,"minecraft:stick":129,"minecraft:iron_ingot":148,"minecraft:iron_pickaxe":3,"magistuarmory:leather_strip":6,"minecraft:wooden_sword":1,"mca:blueprint":1,"minecraft:stone_shovel":1,"magistuarmory:iron_kiteshield":1,"magistuarmory:wood_heatershield":1,"minecraft:furnace":8,"minecraft:blast_furnace":1,"mca:book_blueprint":1,"minecraft:bone_meal":24,"minecraft:glass_pane":176,"magistuarmory:hilt":6,"minecraft:iron_axe":1,"magistuarmory:steel_ingot":20,"minecraft:spruce_slab":6,"mca:book_supporters":1,"minecraft:stone_pickaxe":2,"magistuarmory:iron_ahlspiess":1,"magistuarmory:steel_ring":8,"minecraft:dark_oak_planks":196,"sophisticatedbackpacks:iron_backpack":1,"minecraft:wheat":108,"minecraft:cooked_beef":10,"paraglider:paraglider":1,"iceandfire:silver_ingot":20,"minecraft:dried_kelp":4,"magistuarmory:wood_heavymace":1,"minecraft:stone_axe":2,"minecraft:bread":38,"minecraft:air":0,"minecraft:blue_dye":5,"minecraft:wooden_axe":1,"minecraft:iron_shovel":1,"minecraft:white_bed":1,"minecraft:torch":324,"iceandfire:silver_pickaxe":1,"iceandfire:silver_hoe":1},"minecraft:custom":{"minecraft:interact_with_crafting_table":108,"minecraft:bell_ring":1,"minecraft:leave_game":16,"minecraft:time_since_death":19747,"minecraft:sprint_one_cm":1783779,"minecraft:damage_blocked_by_shield":2101,"minecraft:drop":72,"minecraft:play_time":867064,"minecraft:deaths":63,"tombstone:tomb_raiding":1,"minecraft:jump":13061,"minecraft:walk_on_water_one_cm":118001,"minecraft:interact_with_furnace":100,"minecraft:sleep_in_bed":34,"tombstone:sneak_grave":3,"minecraft:damage_dealt":24972,"minecraft:player_kills":6,"minecraft:crouch_one_cm":189419,"tombstone:undead_killed":53,"minecraft:mob_kills":130,"minecraft:climb_one_cm":23758,"minecraft:walk_one_cm":1791974,"minecraft:damage_dealt_absorbed":6,"minecraft:sneak_time":66518,"minecraft:walk_under_water_one_cm":125563,"minecraft:boat_one_cm":55446,"minecraft:interact_with_blast_furnace":26,"minecraft:total_world_time":870717,"tombstone:raider_killed":22,"minecraft:time_since_rest":19796,"minecraft:damage_taken":25715,"minecraft:swim_one_cm":201240,"minecraft:fly_one_cm":2522092,"minecraft:open_chest":224,"minecraft:fall_one_cm":317507},"minecraft:dropped":{"magistuarmory:iron_stylet":2,"minecraft:crafting_table":1,"minecraft:cooked_porkchop":2,"minecraft:crossbow":2,"minecraft:saddle":1,"magistuarmory:rustednorman_helmet":1,"minecraft:dirt":10,"iceandfire:pixie_jar_empty":1,"minecraft:cooked_cod":1,"minecraft:wooden_sword":2,"minecraft:sand":1,"minecraft:dark_oak_planks":15,"minecraft:bone":3,"magistuarmory:rustedchainmail_leggings":1,"minecraft:gravel":1,"minecraft:cobbled_deepslate":11,"tombstone:gift":2,"minecraft:pointed_dripstone":1,"minecraft:rotten_flesh":13,"minecraft:gunpowder":1,"minecraft:leather_leggings":1,"minecraft:arrow":1,"minecraft:bread":1,"minecraft:wheat_seeds":2,"magistuarmory:rustedkettlehat":1,"minecraft:oak_fence":1,"minecraft:cobblestone":6,"minecraft:grass_block":1,"minecraft:coal":2,"minecraft:stick":8,"magistuarmory:rustedcrusader_boots":1,"illagerinvasion:platinum_chunk":5,"tombstone:grave_dust":1,"minecraft:string":2,"minecraft:dandelion":2,"minecraft:pink_tulip":4,"minecraft:stone_shovel":8,"sophisticatedbackpacks:backpack":1,"minecraft:filled_map":1,"minecraft:potato":9,"minecraft:shield":1,"minecraft:allium":2,"minecraft:spruce_planks":40,"minecraft:iron_chestplate":1,"minecraft:spider_eye":1,"minecraft:stone_bricks":3,"minecraft:wooden_pickaxe":1},"minecraft:killed":{"minecraft:cave_spider":5,"minecraft:spider":15,"minecraft:skeleton":15,"minecraft:silverfish":3,"alexsmobs:centipede_head":3,"minecraft:skeleton_horse":1,"minecraft:pig":9,"minecraft:creeper":2,"minecraft:sheep":6,"minecraft:pillager":20,"minecraft:zombie":37,"minecraft:cow":7,"alexsmobs:tiger":1,"minecraft:vindicator":1,"illagerinvasion:marauder":1,"alexsmobs:tasmanian_devil":1,"alexsmobs:flying_fish":1,"minecraft:bat":1},"minecraft:broken":{"magistuarmory:rustedcrusader_boots":1,"minecraft:iron_boots":1,"minecraft:iron_chestplate":1,"minecraft:iron_leggings":1,"iceandfire:silver_pickaxe":1,"magistuarmory:rusted_heavymace":1,"minecraft:stone_pickaxe":1,"minecraft:stone_axe":1,"iceandfire:silver_shovel":2,"minecraft:stone_shovel":2,"minecraft:leather_helmet":1,"magistuarmory:rustedcrusader_chestplate":1,"magistuarmory:iron_shortsword":1,"minecraft:iron_pickaxe":4,"minecraft:iron_helmet":1,"magistuarmory:rustedchainmail_leggings":1},"minecraft:used":{"magistuarmory:wood_heavymace":50,"magistuarmory:rusted_heavymace":70,"minecraft:iron_shovel":147,"minecraft:spruce_slab":3,"minecraft:chest":12,"minecraft:shield":20,"minecraft:stone":21,"minecraft:iron_sword":7,"magistuarmory:wood_heatershield":37,"minecraft:iron_chestplate":1,"minecraft:mutton":9,"minecraft:blue_stained_glass":2,"minecraft:carrot":10,"minecraft:tuff":7,"minecraft:axolotl_bucket":2,"minecraft:glass":1,"minecraft:lava_bucket":1,"minecraft:bricks":20,"minecraft:grass_block":21,"minecraft:iron_helmet":1,"minecraft:dark_oak_slab":16,"minecraft:bow":1,"minecraft:sweet_berries":118,"minecraft:furnace":7,"minecraft:potato":73,"magistuarmory:iron_shortsword":177,"iceandfire:pixie_jar_empty":1,"minecraft:diorite":2,"minecraft:spruce_door":3,"minecraft:oak_planks":3,"minecraft:stone_pickaxe":152,"minecraft:wooden_pickaxe":27,"minecraft:redstone_block":8,"minecraft:clay":3,"magistuarmory:diamond_shortsword":1,"minecraft:blast_furnace":1,"iceandfire:silver_axe":270,"iceandfire:silver_pickaxe":461,"minecraft:lever":5,"minecraft:dark_oak_log":5,"minecraft:bread":79,"minecraft:stone_button":3,"magistuarmory:iron_ahlspiess":17,"tombstone:grave_key":18,"minecraft:gravel":1,"minecraft:wooden_sword":25,"iceandfire:fire_lily":1,"minecraft:coarse_dirt":6,"minecraft:bone_meal":24,"minecraft:armor_stand":1,"minecraft:stone_shovel":272,"minecraft:dried_kelp":4,"minecraft:spruce_planks":453,"minecraft:cooked_chicken":6,"minecraft:torch":370,"minecraft:dirt":426,"minecraft:granite":36,"minecraft:light_blue_stained_glass":1,"minecraft:dark_oak_planks":81,"minecraft:wooden_axe":34,"minecraft:iron_axe":225,"minecraft:basalt":2,"minecraft:beef":5,"minecraft:podzol":8,"tombstone:gift":11,"minecraft:cooked_beef":10,"minecraft:cobbled_deepslate":121,"minecraft:cooked_mutton":4,"minecraft:wheat_seeds":3,"minecraft:water_bucket":128,"minecraft:cobblestone_stairs":23,"minecraft:birch_planks":2,"minecraft:baked_potato":17,"magistuarmory:iron_stylet":185,"minecraft:comparator":7,"minecraft:crafting_table":9,"minecraft:magenta_bed":1,"minecraft:white_bed":17,"minecraft:dark_oak_door":1,"minecraft:spruce_log":24,"alexsmobs:flying_fish":1,"minecraft:blue_stained_glass_pane":7,"minecraft:diamond_pickaxe":104,"minecraft:apple":3,"minecraft:command_block":41,"minecraft:iron_pickaxe":1003,"minecraft:stone_slab":3,"minecraft:stone_axe":139,"iceandfire:silver_hoe":62,"minecraft:cobblestone":449,"minecraft:purple_bed":8,"minecraft:porkchop":10,"minecraft:cooked_porkchop":15,"minecraft:bucket":131,"minecraft:glass_pane":71,"iceandfire:silver_shovel":927,"alexsmobs:emu_egg":1},"minecraft:killed_by":{"minecraft:creeper":3,"minecraft:pillager":5,"minecraft:vindicator":2,"minecraft:zombie":11,"iceandfire:fire_dragon":6,"minecraft:player":6,"alexsmobs:rocky_roller":1,"alexsmobs:tiger":1,"alexsmobs:centipede_head":2,"minecraft:skeleton":8,"illagerinvasion:marauder":1},"minecraft:picked_up":{"minecraft:iron_chestplate":2,"minecraft:wheat":1,"minecraft:black_carpet":1,"illagerinvasion:platinum_chunk":14,"iceandfire:copper_ore":14,"minecraft:stone_slab":4,"minecraft:enchanted_book":1,"minecraft:string":91,"minecraft:raw_copper":8,"minecraft:iron_leggings":2,"minecraft:armor_stand":1,"illagerinvasion:platinum_infused_hatchet":1,"minecraft:cobbled_deepslate":198,"minecraft:gold_nugget":18,"minecraft:smooth_stone":6,"minecraft:comparator":4,"minecraft:spruce_planks":204,"minecraft:iron_pickaxe":1,"minecraft:iron_boots":2,"minecraft:dark_oak_door":1,"minecraft:stick":70,"minecraft:oak_fence":2,"minecraft:torch":34,"minecraft:acacia_log":3,"magistuarmory:rusted_heavymace":1,"iceandfire:silver_ore":40,"minecraft:porkchop":20,"minecraft:pointed_dripstone":1,"tombstone:grave_dust":7,"minecraft:diorite":2,"magistuarmory:rustedcrusader_chestplate":1,"alexsmobs:centipede_leg":4,"minecraft:rotten_flesh":44,"alexsmobs:emu_egg":1,"minecraft:obsidian":1,"alexsmobs:flying_fish":1,"minecraft:cobblestone":674,"minecraft:birch_log":3,"minecraft:potato":103,"paraglider:spirit_orb":16,"minecraft:flint":1,"minecraft:tuff":284,"minecraft:lapis_lazuli":54,"minecraft:dirt":1132,"minecraft:bone":19,"minecraft:bow":2,"minecraft:wheat_seeds":16,"minecraft:raw_gold":9,"magistuarmory:iron_stylet":2,"minecraft:bamboo":11,"minecraft:powered_rail":1,"minecraft:moss_block":9,"minecraft:oak_planks":15,"minecraft:poisonous_potato":1,"minecraft:sand":326,"minecraft:stripped_spruce_log":1,"minecraft:grass_block":1,"minecraft:dark_oak_log":74,"minecraft:diamond":27,"minecraft:granite":43,"minecraft:emerald":10,"minecraft:bread":12,"iceandfire:silver_nugget":11,"minecraft:coarse_dirt":10,"minecraft:crafting_table":4,"minecraft:allium":4,"minecraft:clay_ball":268,"iceandfire:fire_lily":1,"minecraft:wooden_pickaxe":1,"minecraft:chain":3,"minecraft:shield":3,"minecraft:cornflower":1,"minecraft:iron_axe":1,"minecraft:wooden_sword":1,"minecraft:iron_shovel":1,"minecraft:beef":17,"magistuarmory:knight_leggings":1,"magistuarmory:knight_boots":1,"minecraft:minecart":1,"minecraft:chest":9,"minecraft:birch_sapling":1,"minecraft:dark_oak_sapling":17,"minecraft:raw_iron":160,"sophisticatedbackpacks:backpack":1,"magistuarmory:rustedkettlehat":1,"minecraft:redstone":113,"minecraft:dark_oak_planks":66,"iceandfire:silver_ingot":19,"minecraft:arrow":15,"minecraft:stone_shovel":6,"minecraft:cooked_cod":1,"minecraft:hay_block":12,"minecraft:pink_tulip":10,"minecraft:glow_berries":3,"minecraft:mutton":9,"minecraft:rail":15,"minecraft:white_wool":6,"minecraft:basalt":2,"minecraft:leather":9,"magistuarmory:armet":1,"minecraft:filled_map":1,"minecraft:oak_log":7,"minecraft:gunpowder":1,"minecraft:cobblestone_stairs":25,"minecraft:white_banner":2,"tombstone:gift":3,"minecraft:cooked_mutton":3,"minecraft:apple":2,"minecraft:stone_bricks":6,"iceandfire:pixie_jar_empty":3,"minecraft:kelp":4,"minecraft:iron_ingot":20,"minecraft:cooked_chicken":4,"minecraft:acacia_sapling":2,"iceandfire:copper_nugget":28,"minecraft:sweet_berries":127,"minecraft:dandelion":2,"magistuarmory:knight_chestplate":1,"minecraft:gravel":9,"minecraft:spruce_sapling":99,"minecraft:white_bed":3,"minecraft:spruce_log":247,"magistuarmory:rustedchainmail_leggings":2,"minecraft:spider_eye":5,"minecraft:leather_helmet":1,"minecraft:purple_bed":8,"magistuarmory:rustedcrusader_boots":2,"minecraft:iron_helmet":2,"minecraft:terracotta":3,"tombstone:magic_scroll":3,"minecraft:melon_seeds":3,"minecraft:stripped_dark_oak_log":1,"minecraft:coal":233},"minecraft:mined":{"minecraft:dark_oak_planks":66,"minecraft:white_bed":2,"minecraft:spruce_planks":153,"iceandfire:copper_pile":4,"minecraft:cobblestone_stairs":25,"minecraft:obsidian":1,"minecraft:granite":56,"minecraft:acacia_log":3,"minecraft:grass_block":599,"minecraft:spawner":7,"minecraft:iron_ore":96,"minecraft:cobbled_deepslate":65,"minecraft:fire":7,"minecraft:deepslate_lapis_ore":8,"iceandfire:gold_pile":3,"minecraft:dirt_path":42,"minecraft:pink_tulip":1,"minecraft:deepslate_redstone_ore":24,"minecraft:kelp_plant":3,"minecraft:clay":68,"minecraft:torch":9,"minecraft:chest":7,"iceandfire:fire_lily":1,"minecraft:glass":1,"minecraft:cobblestone":118,"minecraft:oak_planks":15,"minecraft:wall_torch":9,"minecraft:deepslate_copper_ore":1,"minecraft:chain":3,"minecraft:birch_log":2,"minecraft:grass":25,"minecraft:oak_log":7,"minecraft:sand":311,"minecraft:dirt":248,"minecraft:oak_leaves":7,"minecraft:deepslate":116,"iceandfire:lightning_lily":1,"minecraft:tuff":269,"iceandfire:silver_ore":40,"minecraft:blue_stained_glass_pane":3,"minecraft:dark_oak_leaves":20,"minecraft:deepslate_diamond_ore":24,"minecraft:dark_oak_log":75,"minecraft:glow_lichen":1,"minecraft:spruce_leaves":71,"minecraft:moss_block":9,"minecraft:kelp":1,"minecraft:large_fern":20,"minecraft:hay_block":12,"minecraft:spruce_sapling":1,"iceandfire:copper_ore":15,"minecraft:andesite":1,"minecraft:stripped_spruce_log":1,"minecraft:potatoes":17,"minecraft:deepslate_iron_ore":66,"minecraft:vine":1,"minecraft:bamboo":1,"minecraft:stone":538,"iceandfire:pixie_jar_empty":1,"minecraft:podzol":6,"minecraft:acacia_leaves":11,"minecraft:glass_pane":9,"minecraft:stripped_dark_oak_log":1,"minecraft:basalt":2,"minecraft:oak_fence":1,"minecraft:crafting_table":4,"minecraft:cornflower":1,"minecraft:stone_slab":5,"minecraft:tall_grass":7,"minecraft:deepslate_coal_ore":6,"minecraft:deepslate_gold_ore":9,"minecraft:diorite":7,"minecraft:purple_bed":9,"minecraft:coarse_dirt":10,"minecraft:sweet_berry_bush":51,"minecraft:spruce_log":185,"minecraft:birch_leaves":1,"minecraft:coal_ore":214,"iceandfire:silver_pile":3,"minecraft:gravel":9,"minecraft:cobweb":74,"minecraft:terracotta":3,"minecraft:stone_bricks":3,"minecraft:deepslate_emerald_ore":1,"minecraft:fern":9}},"DataVersion":2975}