{"stats":{"minecraft:broken":{"magistuarmory:rustedcrusader_boots":1,"minecraft:iron_shovel":2,"magistuarmory:halfarmor_chestplate":1,"minecraft:iron_boots":1,"minecraft:iron_chestplate":1,"magistuarmory:barbute":1,"minecraft:iron_leggings":2,"iceandfire:silver_pickaxe":2,"magistuarmory:rusted_heavymace":1,"minecraft:stone_pickaxe":1,"minecraft:diamond_pickaxe":1,"minecraft:stone_axe":1,"magistuarmory:knight_leggings":1,"magistuarmory:stone_kiteshield":1,"iceandfire:silver_shovel":2,"minecraft:stone_shovel":2,"minecraft:leather_helmet":1,"magistuarmory:rustedcrusader_chestplate":1,"magistuarmory:steel_shortsword":1,"minecraft:iron_axe":1,"magistuarmory:iron_shortsword":1,"minecraft:iron_pickaxe":5,"minecraft:iron_helmet":1,"iceandfire:silver_axe":1,"magistuarmory:rustedchainmail_leggings":1},"minecraft:killed":{"minecraft:cave_spider":5,"iceandfire:hippogryph":1,"minecraft:witch":2,"minecraft:spider":26,"illagerinvasion:basher":1,"minecraft:skeleton":49,"minecraft:bee":1,"minecraft:silverfish":4,"alexsmobs:centipede_head":3,"minecraft:skeleton_horse":1,"minecraft:pig":9,"minecraft:creeper":2,"minecraft:sheep":9,"minecraft:pillager":40,"minecraft:zombie":91,"minecraft:cow":9,"alexsmobs:tiger":2,"minecraft:vindicator":2,"illagerinvasion:marauder":2,"alexsmobs:tasmanian_devil":1,"alexsmobs:flying_fish":1,"minecraft:bat":1,"alexsmobs:cockroach":1,"alexsmobs:crow":1},"minecraft:mined":{"minecraft:spruce_planks":158,"minecraft:white_bed":11,"minecraft:farmland":1,"minecraft:black_candle_cake":1,"iceandfire:copper_pile":4,"minecraft:cobblestone_stairs":39,"minecraft:jungle_leaves":2,"minecraft:brewing_stand":1,"minecraft:obsidian":1,"minecraft:spruce_trapdoor":6,"minecraft:granite":502,"minecraft:stone_brick_wall":2,"minecraft:grass_block":1131,"minecraft:acacia_log":10,"iceandfire:lectern":1,"minecraft:composter":1,"minecraft:red_stained_glass_pane":2,"minecraft:spawner":16,"minecraft:magma_block":4,"minecraft:iron_ore":217,"minecraft:fire":9,"minecraft:cobbled_deepslate":83,"minecraft:target":4,"minecraft:deepslate_lapis_ore":8,"minecraft:fletching_table":2,"minecraft:dark_oak_stairs":1,"iceandfire:gold_pile":25,"minecraft:water_cauldron":4,"minecraft:dirt_path":42,"minecraft:iron_bars":4,"minecraft:pink_tulip":1,"minecraft:green_bed":5,"minecraft:tripwire":1,"minecraft:deepslate_redstone_ore":57,"minecraft:blackstone":51,"minecraft:kelp_plant":3,"minecraft:smoker":1,"minecraft:powder_snow":2,"minecraft:clay":68,"iceandfire:dragon_ice_spikes":2,"minecraft:torch":19,"minecraft:blast_furnace":1,"minecraft:chest":13,"iceandfire:sapphire_ore":3,"iceandfire:fire_lily":1,"minecraft:glass":1,"minecraft:cobblestone":187,"minecraft:damaged_anvil":1,"minecraft:oak_planks":18,"minecraft:sugar_cane":1,"minecraft:grindstone":3,"minecraft:wall_torch":31,"minecraft:deepslate_copper_ore":3,"mca:cross_headstone":1,"minecraft:chain":3,"minecraft:mossy_stone_brick_wall":1,"minecraft:birch_log":72,"minecraft:stone_brick_stairs":2,"minecraft:grass":35,"minecraft:oak_log":17,"minecraft:dark_oak_sapling":1,"minecraft:loom":3,"minecraft:sand":311,"minecraft:dirt":601,"minecraft:smooth_basalt":8,"minecraft:deepslate":349,"minecraft:oak_leaves":43,"iceandfire:lightning_lily":2,"minecraft:tuff":473,"iceandfire:silver_ore":62,"minecraft:blue_stained_glass_pane":3,"minecraft:mossy_cobblestone":2,"minecraft:dark_oak_leaves":62,"minecraft:deepslate_diamond_ore":48,"minecraft:candle":5,"minecraft:dark_oak_log":155,"iceandfire:frozen_cobblestone":15,"minecraft:gray_stained_glass_pane":2,"minecraft:glow_lichen":1,"minecraft:dark_oak_fence":7,"iceandfire:frozen_stone":10,"minecraft:spruce_fence":2,"minecraft:spruce_leaves":75,"minecraft:birch_slab":1,"minecraft:kelp":1,"minecraft:cartography_table":1,"minecraft:moss_block":9,"minecraft:large_fern":23,"minecraft:hay_block":44,"minecraft:spruce_sapling":1,"minecraft:furnace":6,"iceandfire:copper_ore":28,"minecraft:andesite":24,"minecraft:stripped_spruce_log":5,"minecraft:bell":10,"minecraft:mossy_stone_brick_stairs":1,"minecraft:bookshelf":17,"minecraft:potatoes":93,"minecraft:deepslate_iron_ore":154,"minecraft:vine":6,"minecraft:lantern":4,"minecraft:stripped_oak_log":2,"minecraft:bamboo":1,"minecraft:stone":1081,"iceandfire:podium_spruce":1,"iceandfire:pixie_jar_empty":1,"minecraft:podzol":6,"minecraft:smithing_table":1,"minecraft:acacia_leaves":28,"minecraft:glass_pane":9,"minecraft:stripped_dark_oak_log":2,"minecraft:basalt":2,"minecraft:spruce_door":2,"minecraft:oak_fence":1,"minecraft:crafting_table":5,"minecraft:cornflower":1,"minecraft:campfire":3,"minecraft:lectern":1,"minecraft:stone_slab":5,"minecraft:copper_ore":1,"minecraft:tall_grass":29,"minecraft:deepslate_coal_ore":15,"minecraft:lapis_ore":1,"minecraft:deepslate_gold_ore":68,"minecraft:diorite":7,"minecraft:blue_bed":2,"minecraft:purple_bed":12,"minecraft:spruce_stairs":3,"minecraft:birch_planks":1,"minecraft:coarse_dirt":43,"minecraft:cobblestone_wall":2,"minecraft:beehive":1,"minecraft:sweet_berry_bush":69,"minecraft:ice":15,"minecraft:gray_bed":2,"minecraft:spruce_log":197,"minecraft:birch_leaves":9,"iceandfire:ash":10,"minecraft:yellow_bed":5,"minecraft:coal_ore":483,"iceandfire:silver_pile":4,"minecraft:gravel":11,"minecraft:cobweb":276,"minecraft:terracotta":7,"minecraft:stone_bricks":6,"minecraft:mossy_stone_bricks":1,"minecraft:deepslate_emerald_ore":1,"minecraft:chipped_anvil":2,"minecraft:iron_trapdoor":3,"minecraft:fern":11,"paraglider:goddess_statue":2,"minecraft:dark_oak_planks":81},"minecraft:crafted":{"minecraft:brick":252,"minecraft:smooth_stone":12,"minecraft:oak_planks":28,"iceandfire:silver_shovel":3,"minecraft:blue_stained_glass_pane":24,"minecraft:birch_slab":30,"minecraft:cobblestone_stairs":56,"minecraft:stone":12,"minecraft:bookshelf":1,"paraglider:deku_leaf":1,"magistuarmory:iron_shortsword":2,"minecraft:iron_bars":16,"minecraft:dark_oak_door":6,"minecraft:glass":267,"minecraft:diamond_helmet":1,"minecraft:iron_boots":1,"magistuarmory:steel_shortsword":1,"minecraft:chest":16,"magistuarmory:pole":1,"minecraft:bricks":59,"magistuarmory:iron_pavese":1,"minecraft:smoker":1,"iceandfire:silver_axe":1,"magistuarmory:steel_nugget":18,"magistuarmory:steel_chainmorgenstern":1,"minecraft:blue_stained_glass":8,"magistuarmory:iron_stylet":1,"magistuarmory:wood_kiteshield":2,"sophisticatedbackpacks:backpack":1,"minecraft:cooked_porkchop":9,"minecraft:crafting_table":6,"minecraft:spruce_planks":936,"minecraft:iron_helmet":1,"minecraft:baked_potato":204,"magistuarmory:steel_chain":1,"minecraft:spruce_door":3,"magistuarmory:iron_zweihander":1,"mca:cross_headstone":1,"minecraft:birch_planks":264,"mca:gravelling_headstone":3,"medieval_craft:long_sword":1,"magistuarmory:halfarmor_chestplate":1,"magistuarmory:wood_pavese":1,"magistuarmory:stone_kiteshield":1,"minecraft:lectern":1,"minecraft:diamond_pickaxe":1,"minecraft:shield":1,"minecraft:stick":169,"minecraft:iron_ingot":177,"minecraft:iron_pickaxe":6,"minecraft:composter":1,"minecraft:shears":1,"magistuarmory:leather_strip":18,"minecraft:wooden_sword":1,"mca:blueprint":4,"minecraft:stone_shovel":1,"magistuarmory:iron_kiteshield":1,"minecraft:jukebox":1,"minecraft:iron_nugget":72,"magistuarmory:wood_heatershield":1,"minecraft:furnace":8,"minecraft:blast_furnace":2,"mca:book_blueprint":1,"minecraft:bone_meal":24,"minecraft:spruce_fence":6,"minecraft:glass_pane":176,"minecraft:flint_and_steel":1,"magistuarmory:hilt":12,"minecraft:lantern":1,"magistuarmory:knight_leggings":1,"minecraft:iron_axe":3,"minecraft:spruce_slab":18,"magistuarmory:steel_ingot":48,"medieval_craft:ingotsteel":16,"mca:book_supporters":1,"minecraft:stone_pickaxe":2,"minecraft:cobblestone_wall":6,"magistuarmory:barbute":1,"magistuarmory:iron_ahlspiess":1,"minecraft:dark_oak_planks":456,"magistuarmory:steel_ring":8,"magistuarmory:steel_plate":16,"magistuarmory:silver_morgenstern":1,"sophisticatedbackpacks:iron_backpack":1,"minecraft:wheat":414,"minecraft:cooked_beef":10,"paraglider:paraglider":3,"iceandfire:copper_ingot":2,"iceandfire:silver_ingot":22,"minecraft:dried_kelp":4,"minecraft:iron_sword":1,"magistuarmory:wood_heavymace":1,"minecraft:blue_bed":1,"minecraft:bucket":2,"minecraft:stone_axe":2,"minecraft:bread":98,"minecraft:air":0,"minecraft:blue_dye":9,"magistuarmory:gothic_boots":1,"minecraft:white_wool":62,"minecraft:wooden_axe":1,"minecraft:iron_shovel":1,"minecraft:white_bed":22,"minecraft:torch":532,"iceandfire:silver_pickaxe":2,"iceandfire:silver_hoe":2},"minecraft:picked_up":{"minecraft:wooden_axe":1,"minecraft:iron_chestplate":2,"minecraft:wheat":1,"minecraft:black_carpet":1,"illagerinvasion:platinum_chunk":22,"minecraft:iron_trapdoor":3,"iceandfire:copper_ore":27,"minecraft:smithing_table":1,"minecraft:stone_slab":4,"minecraft:enchanted_book":1,"minecraft:stone_brick_stairs":2,"minecraft:brewing_stand":1,"iceandfire:manuscript":1,"paraglider:goddess_statue":2,"minecraft:string":299,"minecraft:raw_copper":21,"minecraft:iron_leggings":3,"minecraft:armor_stand":2,"illagerinvasion:platinum_infused_hatchet":1,"minecraft:activator_rail":4,"minecraft:smooth_stone":6,"minecraft:gold_nugget":256,"minecraft:cobbled_deepslate":449,"minecraft:comparator":4,"minecraft:dark_oak_leaves":1,"minecraft:spruce_planks":265,"minecraft:iron_pickaxe":2,"minecraft:iron_boots":2,"minecraft:furnace":5,"minecraft:dark_oak_door":1,"minecraft:beehive":1,"minecraft:stick":91,"minecraft:composter":1,"minecraft:oak_fence":4,"minecraft:torch":129,"minecraft:green_bed":5,"minecraft:acacia_log":9,"minecraft:spruce_stairs":3,"iceandfire:silver_ore":62,"minecraft:porkchop":20,"magistuarmory:rusted_heavymace":1,"minecraft:target":4,"tombstone:grave_dust":26,"minecraft:pointed_dripstone":1,"minecraft:diorite":2,"magistuarmory:rustedcrusader_chestplate":1,"alexsmobs:centipede_leg":4,"minecraft:cauldron":4,"minecraft:rotten_flesh":98,"alexsmobs:emu_egg":2,"minecraft:obsidian":1,"minecraft:iron_bars":4,"minecraft:cobblestone":1283,"alexsmobs:flying_fish":1,"minecraft:birch_log":73,"iceandfire:sapphire_gem":3,"minecraft:magma_block":19,"minecraft:feather":1,"minecraft:andesite":23,"minecraft:smoker":1,"minecraft:potato":380,"paraglider:spirit_orb":34,"minecraft:flint":1,"minecraft:tuff":526,"minecraft:lapis_lazuli":59,"minecraft:dirt":2081,"minecraft:lantern":4,"minecraft:leather_boots":1,"minecraft:bone":60,"minecraft:chipped_anvil":2,"minecraft:bow":5,"minecraft:wheat_seeds":32,"minecraft:glowstone_dust":2,"minecraft:raw_gold":67,"minecraft:bell":11,"minecraft:grindstone":3,"minecraft:mossy_stone_bricks":1,"minecraft:fletching_table":2,"minecraft:bamboo":11,"minecraft:powered_rail":1,"magistuarmory:iron_stylet":2,"minecraft:moss_block":9,"minecraft:oak_planks":24,"minecraft:mossy_stone_brick_stairs":1,"iceandfire:podium_spruce":1,"minecraft:poisonous_potato":1,"medieval_craft:long_sword":1,"minecraft:sand":326,"minecraft:stripped_spruce_log":5,"minecraft:grass_block":1,"minecraft:loom":3,"minecraft:dark_oak_log":155,"minecraft:mossy_cobblestone":2,"minecraft:bundle":1,"tombstone:familiar_stone":1,"minecraft:diamond":50,"iceandfire:lectern":1,"minecraft:lever":2,"minecraft:crossbow":3,"minecraft:granite":458,"minecraft:golden_apple":1,"minecraft:bread":16,"minecraft:emerald":23,"minecraft:dark_oak_fence":7,"iceandfire:silver_nugget":69,"minecraft:charcoal":6,"minecraft:coarse_dirt":40,"minecraft:crafting_table":5,"minecraft:allium":8,"minecraft:clay_ball":268,"iceandfire:fire_lily":1,"minecraft:leather_leggings":1,"minecraft:wooden_pickaxe":1,"minecraft:stone_brick_wall":1,"iceandfire:frozen_cobblestone":32,"minecraft:chain":4,"minecraft:shield":3,"minecraft:cornflower":1,"iceandfire:frozen_stone":32,"minecraft:iron_axe":2,"minecraft:wooden_sword":1,"minecraft:iron_shovel":1,"minecraft:blackstone":79,"minecraft:glass_pane":60,"minecraft:cartography_table":1,"minecraft:candle":18,"minecraft:beef":21,"magistuarmory:knight_leggings":1,"minecraft:iron_nugget":7,"minecraft:lectern":1,"minecraft:light_gray_wool":2,"magistuarmory:knight_boots":1,"minecraft:minecart":3,"minecraft:sugar_cane":3,"minecraft:chest":18,"minecraft:birch_sapling":2,"minecraft:spruce_trapdoor":5,"minecraft:dark_oak_sapling":48,"minecraft:raw_iron":368,"sophisticatedbackpacks:backpack":3,"minecraft:spruce_fence":2,"magistuarmory:rustedkettlehat":1,"minecraft:redstone":261,"minecraft:dark_oak_planks":87,"iceandfire:silver_ingot":19,"minecraft:arrow":42,"minecraft:stone_shovel":6,"minecraft:cooked_cod":1,"minecraft:hay_block":44,"minecraft:pink_tulip":11,"minecraft:glow_berries":12,"minecraft:mutton":14,"minecraft:white_wool":9,"minecraft:rail":27,"minecraft:stripped_oak_log":2,"minecraft:basalt":2,"minecraft:glow_ink_sac":3,"minecraft:leather":15,"magistuarmory:armet":1,"minecraft:birch_planks":1,"minecraft:filled_map":1,"minecraft:oak_log":17,"minecraft:chainmail_chestplate":1,"minecraft:yellow_bed":5,"minecraft:cobblestone_wall":2,"minecraft:gunpowder":4,"minecraft:cobblestone_stairs":39,"minecraft:blue_bed":2,"minecraft:paper":1,"minecraft:white_banner":2,"tombstone:gift":3,"minecraft:cooked_mutton":7,"iceandfire:pixie_jar_empty":3,"minecraft:apple":6,"minecraft:stone_bricks":9,"minecraft:kelp":4,"minecraft:iron_ingot":20,"minecraft:cooked_chicken":4,"minecraft:mossy_stone_brick_wall":1,"minecraft:glass_bottle":1,"minecraft:gray_bed":2,"minecraft:acacia_sapling":3,"minecraft:dark_oak_stairs":1,"minecraft:book":51,"iceandfire:copper_nugget":28,"minecraft:smooth_basalt":10,"minecraft:black_candle":1,"minecraft:sweet_berries":261,"iceandfire:ash":9,"minecraft:dandelion":2,"magistuarmory:knight_chestplate":1,"minecraft:gravel":15,"minecraft:spruce_sapling":102,"minecraft:blast_furnace":1,"minecraft:white_bed":12,"minecraft:spruce_log":259,"magistuarmory:rustedchainmail_leggings":2,"minecraft:spider_eye":7,"minecraft:spruce_door":6,"minecraft:leather_helmet":1,"minecraft:purple_bed":11,"minecraft:stone_axe":1,"magistuarmory:rustedcrusader_boots":2,"minecraft:iron_helmet":2,"minecraft:gray_wool":1,"minecraft:terracotta":7,"tombstone:magic_scroll":3,"minecraft:damaged_anvil":1,"minecraft:melon_seeds":3,"minecraft:stripped_dark_oak_log":2,"minecraft:coal":538},"minecraft:killed_by":{"minecraft:creeper":4,"minecraft:pillager":5,"minecraft:vindicator":3,"iceandfire:ice_dragon":10,"minecraft:zombie":14,"iceandfire:fire_dragon":6,"minecraft:player":7,"alexsmobs:rocky_roller":1,"alexsmobs:tiger":2,"alexsmobs:centipede_head":2,"minecraft:skeleton":9,"illagerinvasion:marauder":2},"minecraft:custom":{"minecraft:interact_with_crafting_table":191,"minecraft:open_barrel":1,"minecraft:bell_ring":9,"minecraft:leave_game":32,"minecraft:time_since_death":36726,"minecraft:sprint_one_cm":4025380,"minecraft:damage_blocked_by_shield":2906,"minecraft:drop":112,"minecraft:talked_to_villager":4,"minecraft:play_time":1689111,"minecraft:deaths":84,"tombstone:tomb_raiding":1,"minecraft:jump":27001,"minecraft:walk_on_water_one_cm":215829,"minecraft:interact_with_furnace":141,"minecraft:sleep_in_bed":56,"tombstone:sneak_grave":3,"minecraft:damage_dealt":53625,"minecraft:player_kills":7,"minecraft:crouch_one_cm":397364,"tombstone:undead_killed":141,"minecraft:interact_with_smoker":15,"minecraft:mob_kills":272,"minecraft:damage_dealt_resisted":255,"minecraft:climb_one_cm":50217,"minecraft:walk_one_cm":3855277,"minecraft:damage_dealt_absorbed":166,"minecraft:sneak_time":129469,"minecraft:walk_under_water_one_cm":197643,"minecraft:boat_one_cm":55446,"minecraft:interact_with_blast_furnace":42,"minecraft:total_world_time":1692764,"tombstone:raider_killed":47,"minecraft:interact_with_grindstone":1,"minecraft:time_since_rest":7797,"minecraft:damage_taken":41609,"minecraft:swim_one_cm":255173,"minecraft:fly_one_cm":5379224,"minecraft:open_chest":649,"minecraft:fall_one_cm":616808},"minecraft:dropped":{"magistuarmory:iron_stylet":2,"minecraft:baked_potato":11,"minecraft:crafting_table":1,"minecraft:cooked_porkchop":2,"minecraft:crossbow":2,"minecraft:saddle":1,"magistuarmory:rustednorman_helmet":1,"medieval_craft:long_sword":1,"minecraft:dirt":10,"mca:blueprint":2,"iceandfire:pixie_jar_empty":1,"minecraft:cooked_cod":1,"minecraft:wooden_sword":2,"minecraft:sand":1,"minecraft:iron_pickaxe":1,"paraglider:paraglider":1,"minecraft:dark_oak_planks":15,"minecraft:white_wool":4,"minecraft:bone":3,"magistuarmory:rustedchainmail_leggings":1,"minecraft:gravel":1,"minecraft:cobbled_deepslate":11,"minecraft:pointed_dripstone":1,"tombstone:gift":2,"minecraft:rotten_flesh":17,"minecraft:gunpowder":1,"minecraft:mossy_stone_brick_wall":1,"minecraft:leather_leggings":1,"minecraft:arrow":2,"minecraft:bread":3,"magistuarmory:rustedkettlehat":1,"minecraft:wheat_seeds":2,"minecraft:oak_fence":1,"minecraft:cobblestone":6,"minecraft:grass_block":1,"minecraft:coal":2,"minecraft:stick":8,"magistuarmory:rustedcrusader_boots":1,"illagerinvasion:platinum_chunk":5,"minecraft:golden_carrot":1,"minecraft:torch":54,"tombstone:grave_dust":5,"minecraft:string":3,"minecraft:pink_tulip":4,"minecraft:dandelion":2,"minecraft:stone_shovel":8,"sophisticatedbackpacks:backpack":1,"minecraft:glass_pane":58,"minecraft:filled_map":1,"minecraft:potato":9,"minecraft:shield":1,"minecraft:allium":2,"minecraft:spruce_planks":96,"minecraft:iron_chestplate":1,"minecraft:spider_eye":1,"minecraft:stone_bricks":3,"minecraft:wooden_pickaxe":1},"minecraft:used":{"magistuarmory:wood_heavymace":50,"minecraft:writable_book":1,"magistuarmory:rusted_heavymace":70,"minecraft:iron_shovel":793,"minecraft:spruce_slab":3,"magistuarmory:stone_kiteshield":36,"minecraft:shield":20,"minecraft:chest":25,"minecraft:stone":23,"minecraft:iron_sword":117,"magistuarmory:wood_heatershield":37,"minecraft:bell":10,"minecraft:iron_chestplate":1,"paraglider:goddess_statue":2,"minecraft:mutton":9,"minecraft:blue_stained_glass":2,"minecraft:carrot":10,"minecraft:tuff":27,"minecraft:axolotl_bucket":2,"minecraft:glass":1,"minecraft:grass_block":21,"minecraft:lava_bucket":3,"minecraft:lantern":4,"minecraft:bricks":52,"mca:gravelling_headstone":3,"minecraft:iron_helmet":1,"minecraft:dark_oak_slab":16,"minecraft:stone_bricks":3,"minecraft:bow":1,"minecraft:hay_block":1,"minecraft:sweet_berries":162,"minecraft:furnace":10,"minecraft:gray_bed":1,"magistuarmory:iron_shortsword":177,"minecraft:potato":203,"iceandfire:pixie_jar_empty":1,"minecraft:dark_oak_sapling":1,"minecraft:diorite":2,"minecraft:damaged_anvil":1,"minecraft:spruce_door":9,"minecraft:oak_planks":3,"minecraft:stone_pickaxe":152,"minecraft:wooden_pickaxe":27,"minecraft:clay":3,"minecraft:redstone_block":8,"minecraft:composter":1,"minecraft:blue_bed":1,"magistuarmory:diamond_shortsword":1,"minecraft:blast_furnace":3,"iceandfire:silver_axe":383,"minecraft:shears":1,"iceandfire:silver_pickaxe":922,"minecraft:lever":5,"minecraft:dark_oak_log":5,"minecraft:birch_slab":6,"minecraft:bread":120,"minecraft:stone_button":3,"minecraft:lectern":1,"magistuarmory:iron_ahlspiess":148,"tombstone:grave_key":23,"minecraft:gravel":1,"minecraft:wooden_sword":25,"mca:cross_headstone":1,"minecraft:grindstone":1,"minecraft:dark_oak_fence":7,"minecraft:smithing_table":1,"minecraft:andesite":11,"minecraft:birch_log":4,"iceandfire:fire_lily":1,"minecraft:coarse_dirt":16,"minecraft:bone_meal":24,"minecraft:iron_bars":6,"minecraft:flint_and_steel":1,"minecraft:armor_stand":1,"minecraft:stone_shovel":272,"minecraft:dried_kelp":4,"magistuarmory:iron_kiteshield":12,"minecraft:spruce_planks":514,"minecraft:cooked_chicken":6,"minecraft:dirt":1062,"minecraft:torch":662,"magistuarmory:steel_shortsword":249,"minecraft:diamond_helmet":1,"minecraft:light_blue_stained_glass":1,"minecraft:cobblestone_wall":8,"minecraft:granite":82,"minecraft:spruce_fence":7,"minecraft:dark_oak_planks":240,"minecraft:wooden_axe":34,"minecraft:iron_axe":535,"minecraft:basalt":2,"minecraft:beef":5,"minecraft:podzol":8,"tombstone:gift":11,"minecraft:cooked_beef":10,"minecraft:cobbled_deepslate":217,"minecraft:cooked_mutton":8,"minecraft:wheat_seeds":3,"minecraft:water_bucket":167,"minecraft:cobblestone_stairs":78,"medieval_craft:long_sword":99,"minecraft:birch_planks":73,"minecraft:baked_potato":192,"magistuarmory:iron_zweihander":4,"minecraft:green_bed":5,"minecraft:cauldron":1,"magistuarmory:iron_stylet":185,"minecraft:comparator":7,"minecraft:crafting_table":10,"minecraft:magenta_bed":1,"alexsmobs:flying_fish":1,"minecraft:white_bed":46,"minecraft:spruce_log":28,"minecraft:blue_stained_glass_pane":7,"minecraft:dark_oak_door":3,"minecraft:smoker":2,"minecraft:oak_log":6,"minecraft:diamond_pickaxe":1562,"minecraft:apple":4,"minecraft:command_block":41,"minecraft:iron_pickaxe":1464,"minecraft:stone_slab":3,"minecraft:stone_axe":139,"iceandfire:silver_hoe":63,"minecraft:cobblestone":793,"minecraft:purple_bed":11,"minecraft:porkchop":10,"minecraft:cooked_porkchop":15,"minecraft:bucket":172,"minecraft:glass_pane":73,"minecraft:pumpkin_pie":1,"minecraft:yellow_bed":4,"magistuarmory:steel_chainmorgenstern":14,"minecraft:jukebox":1,"alexsmobs:emu_egg":1,"iceandfire:silver_shovel":1288,"minecraft:candle":3}},"DataVersion":2975}