{"stats":{"minecraft:picked_up":{"minecraft:iron_chestplate":2,"minecraft:black_carpet":1,"illagerinvasion:platinum_chunk":14,"iceandfire:copper_ore":14,"minecraft:stone_slab":4,"minecraft:enchanted_book":1,"minecraft:string":91,"minecraft:raw_copper":8,"minecraft:iron_leggings":2,"minecraft:armor_stand":1,"minecraft:cobbled_deepslate":198,"minecraft:gold_nugget":18,"minecraft:smooth_stone":6,"minecraft:comparator":4,"minecraft:spruce_planks":188,"minecraft:iron_pickaxe":1,"minecraft:iron_boots":2,"minecraft:stick":61,"minecraft:oak_fence":2,"minecraft:torch":33,"minecraft:acacia_log":3,"magistuarmory:rusted_heavymace":1,"iceandfire:silver_ore":40,"minecraft:porkchop":20,"minecraft:pointed_dripstone":1,"tombstone:grave_dust":7,"minecraft:diorite":2,"magistuarmory:rustedcrusader_chestplate":1,"alexsmobs:centipede_leg":4,"minecraft:rotten_flesh":44,"alexsmobs:emu_egg":1,"alexsmobs:flying_fish":1,"minecraft:cobblestone":410,"minecraft:birch_log":3,"minecraft:potato":52,"paraglider:spirit_orb":16,"minecraft:flint":1,"minecraft:tuff":284,"minecraft:lapis_lazuli":54,"minecraft:dirt":1087,"minecraft:bone":19,"minecraft:bow":2,"minecraft:wheat_seeds":13,"minecraft:raw_gold":9,"magistuarmory:iron_stylet":2,"minecraft:bamboo":11,"minecraft:powered_rail":1,"minecraft:moss_block":9,"minecraft:oak_planks":12,"minecraft:poisonous_potato":1,"minecraft:sand":326,"minecraft:stripped_spruce_log":1,"minecraft:grass_block":1,"minecraft:dark_oak_log":74,"minecraft:diamond":27,"minecraft:granite":43,"minecraft:emerald":9,"minecraft:bread":12,"iceandfire:silver_nugget":11,"minecraft:coarse_dirt":10,"minecraft:crafting_table":4,"minecraft:allium":4,"minecraft:clay_ball":268,"iceandfire:fire_lily":1,"minecraft:wooden_pickaxe":1,"minecraft:chain":3,"minecraft:shield":3,"minecraft:cornflower":1,"minecraft:iron_axe":1,"minecraft:wooden_sword":1,"minecraft:iron_shovel":1,"minecraft:beef":17,"magistuarmory:knight_leggings":1,"magistuarmory:knight_boots":1,"minecraft:minecart":1,"minecraft:chest":8,"minecraft:birch_sapling":1,"minecraft:dark_oak_sapling":17,"minecraft:raw_iron":160,"sophisticatedbackpacks:backpack":1,"magistuarmory:rustedkettlehat":1,"minecraft:redstone":113,"minecraft:dark_oak_planks":66,"iceandfire:silver_ingot":19,"minecraft:arrow":15,"minecraft:stone_shovel":6,"minecraft:cooked_cod":1,"minecraft:hay_block":12,"minecraft:pink_tulip":10,"minecraft:glow_berries":3,"minecraft:mutton":9,"minecraft:rail":15,"minecraft:white_wool":6,"minecraft:basalt":2,"minecraft:leather":9,"magistuarmory:armet":1,"minecraft:filled_map":1,"minecraft:oak_log":7,"minecraft:gunpowder":1,"minecraft:cobblestone_stairs":23,"minecraft:white_banner":1,"tombstone:gift":3,"minecraft:cooked_mutton":3,"minecraft:apple":2,"minecraft:stone_bricks":6,"iceandfire:pixie_jar_empty":3,"minecraft:kelp":4,"minecraft:iron_ingot":20,"minecraft:cooked_chicken":4,"minecraft:acacia_sapling":2,"iceandfire:copper_nugget":28,"minecraft:sweet_berries":106,"minecraft:dandelion":2,"magistuarmory:knight_chestplate":1,"minecraft:gravel":9,"minecraft:spruce_sapling":79,"minecraft:white_bed":2,"minecraft:spruce_log":246,"magistuarmory:rustedchainmail_leggings":2,"minecraft:spider_eye":5,"minecraft:leather_helmet":1,"minecraft:purple_bed":8,"magistuarmory:rustedcrusader_boots":2,"minecraft:iron_helmet":2,"minecraft:terracotta":3,"tombstone:magic_scroll":3,"minecraft:melon_seeds":3,"minecraft:stripped_dark_oak_log":1,"minecraft:coal":198},"minecraft:custom":{"minecraft:interact_with_crafting_table":92,"minecraft:bell_ring":1,"minecraft:leave_game":15,"minecraft:time_since_death":15352,"minecraft:sprint_one_cm":1670082,"minecraft:damage_blocked_by_shield":1941,"minecraft:drop":71,"minecraft:play_time":822597,"minecraft:deaths":61,"tombstone:tomb_raiding":1,"minecraft:jump":12630,"minecraft:walk_on_water_one_cm":114977,"minecraft:interact_with_furnace":89,"minecraft:sleep_in_bed":32,"tombstone:sneak_grave":3,"minecraft:damage_dealt":24732,"minecraft:player_kills":6,"minecraft:crouch_one_cm":159836,"tombstone:undead_killed":53,"minecraft:mob_kills":129,"minecraft:climb_one_cm":23758,"minecraft:walk_one_cm":1665679,"minecraft:damage_dealt_absorbed":6,"minecraft:sneak_time":58451,"minecraft:walk_under_water_one_cm":119215,"minecraft:boat_one_cm":55446,"minecraft:interact_with_blast_furnace":26,"minecraft:total_world_time":826250,"tombstone:raider_killed":21,"minecraft:time_since_rest":1281,"minecraft:damage_taken":24969,"minecraft:swim_one_cm":184445,"minecraft:fly_one_cm":2447392,"minecraft:open_chest":185,"minecraft:fall_one_cm":310154},"minecraft:crafted":{"minecraft:brick":124,"minecraft:smooth_stone":9,"minecraft:oak_planks":20,"iceandfire:silver_shovel":2,"minecraft:blue_stained_glass_pane":24,"minecraft:stone":9,"magistuarmory:iron_shortsword":1,"minecraft:glass":267,"minecraft:iron_boots":1,"minecraft:chest":5,"magistuarmory:pole":1,"minecraft:bricks":16,"iceandfire:silver_axe":1,"magistuarmory:steel_chainmorgenstern":1,"magistuarmory:steel_nugget":9,"minecraft:blue_stained_glass":8,"magistuarmory:iron_stylet":1,"sophisticatedbackpacks:backpack":1,"minecraft:cooked_porkchop":9,"minecraft:crafting_table":6,"minecraft:spruce_planks":680,"minecraft:iron_helmet":1,"minecraft:baked_potato":46,"magistuarmory:steel_chain":1,"minecraft:spruce_door":3,"minecraft:shield":1,"minecraft:stick":129,"minecraft:iron_ingot":148,"minecraft:iron_pickaxe":3,"magistuarmory:leather_strip":6,"minecraft:wooden_sword":1,"mca:blueprint":1,"minecraft:stone_shovel":1,"magistuarmory:wood_heatershield":1,"minecraft:furnace":8,"minecraft:blast_furnace":1,"mca:book_blueprint":1,"minecraft:bone_meal":24,"minecraft:glass_pane":80,"magistuarmory:hilt":6,"minecraft:iron_axe":1,"magistuarmory:steel_ingot":20,"minecraft:spruce_slab":6,"mca:book_supporters":1,"minecraft:stone_pickaxe":2,"magistuarmory:iron_ahlspiess":1,"magistuarmory:steel_ring":8,"minecraft:dark_oak_planks":112,"minecraft:wheat":108,"minecraft:cooked_beef":10,"paraglider:paraglider":1,"iceandfire:silver_ingot":20,"minecraft:dried_kelp":4,"magistuarmory:wood_heavymace":1,"minecraft:stone_axe":2,"minecraft:bread":38,"minecraft:air":0,"minecraft:blue_dye":5,"minecraft:wooden_axe":1,"minecraft:iron_shovel":1,"minecraft:white_bed":1,"minecraft:torch":320,"iceandfire:silver_pickaxe":1,"iceandfire:silver_hoe":1},"minecraft:used":{"magistuarmory:wood_heavymace":50,"magistuarmory:rusted_heavymace":70,"minecraft:iron_shovel":103,"minecraft:spruce_slab":3,"minecraft:chest":11,"minecraft:shield":20,"minecraft:stone":21,"minecraft:iron_sword":5,"magistuarmory:wood_heatershield":35,"minecraft:iron_chestplate":1,"minecraft:mutton":9,"minecraft:blue_stained_glass":2,"minecraft:carrot":10,"minecraft:tuff":7,"minecraft:axolotl_bucket":2,"minecraft:glass":1,"minecraft:lava_bucket":1,"minecraft:grass_block":21,"minecraft:iron_helmet":1,"minecraft:dark_oak_slab":16,"minecraft:bow":1,"minecraft:sweet_berries":113,"minecraft:furnace":7,"minecraft:potato":44,"magistuarmory:iron_shortsword":177,"iceandfire:pixie_jar_empty":1,"minecraft:diorite":2,"minecraft:spruce_door":3,"minecraft:stone_pickaxe":152,"minecraft:wooden_pickaxe":27,"minecraft:redstone_block":8,"minecraft:clay":3,"magistuarmory:diamond_shortsword":1,"minecraft:blast_furnace":1,"iceandfire:silver_axe":248,"iceandfire:silver_pickaxe":262,"minecraft:lever":5,"minecraft:dark_oak_log":5,"minecraft:bread":79,"minecraft:stone_button":3,"magistuarmory:iron_ahlspiess":17,"tombstone:grave_key":18,"minecraft:gravel":1,"minecraft:wooden_sword":25,"iceandfire:fire_lily":1,"minecraft:coarse_dirt":6,"minecraft:bone_meal":24,"minecraft:armor_stand":1,"minecraft:stone_shovel":272,"minecraft:dried_kelp":4,"minecraft:spruce_planks":321,"minecraft:cooked_chicken":6,"minecraft:torch":355,"minecraft:dirt":424,"minecraft:granite":36,"minecraft:light_blue_stained_glass":1,"minecraft:dark_oak_planks":81,"minecraft:wooden_axe":34,"minecraft:iron_axe":225,"minecraft:basalt":2,"minecraft:beef":5,"minecraft:podzol":8,"tombstone:gift":11,"minecraft:cooked_beef":10,"minecraft:cobbled_deepslate":121,"minecraft:cooked_mutton":4,"minecraft:wheat_seeds":3,"minecraft:water_bucket":119,"minecraft:cobblestone_stairs":15,"minecraft:birch_planks":2,"minecraft:baked_potato":11,"magistuarmory:iron_stylet":185,"minecraft:comparator":7,"minecraft:crafting_table":9,"minecraft:magenta_bed":1,"minecraft:white_bed":16,"minecraft:spruce_log":24,"alexsmobs:flying_fish":1,"minecraft:blue_stained_glass_pane":7,"minecraft:apple":3,"minecraft:command_block":41,"minecraft:iron_pickaxe":1003,"minecraft:stone_slab":3,"minecraft:stone_axe":139,"iceandfire:silver_hoe":62,"minecraft:cobblestone":294,"minecraft:purple_bed":8,"minecraft:porkchop":10,"minecraft:cooked_porkchop":15,"minecraft:bucket":121,"minecraft:glass_pane":56,"iceandfire:silver_shovel":927,"alexsmobs:emu_egg":1},"minecraft:killed":{"minecraft:cave_spider":5,"minecraft:spider":15,"minecraft:skeleton":15,"minecraft:silverfish":3,"alexsmobs:centipede_head":3,"minecraft:skeleton_horse":1,"minecraft:pig":9,"minecraft:creeper":2,"minecraft:sheep":6,"minecraft:pillager":20,"minecraft:zombie":37,"minecraft:cow":7,"alexsmobs:tiger":1,"minecraft:vindicator":1,"alexsmobs:tasmanian_devil":1,"alexsmobs:flying_fish":1,"minecraft:bat":1},"minecraft:mined":{"minecraft:dark_oak_planks":66,"minecraft:white_bed":1,"minecraft:spruce_planks":137,"iceandfire:copper_pile":4,"minecraft:cobblestone_stairs":23,"minecraft:granite":56,"minecraft:acacia_log":3,"minecraft:grass_block":554,"minecraft:spawner":7,"minecraft:iron_ore":96,"minecraft:cobbled_deepslate":65,"minecraft:fire":7,"minecraft:deepslate_lapis_ore":8,"iceandfire:gold_pile":3,"minecraft:dirt_path":42,"minecraft:pink_tulip":1,"minecraft:deepslate_redstone_ore":24,"minecraft:kelp_plant":3,"minecraft:clay":68,"minecraft:torch":8,"minecraft:chest":6,"iceandfire:fire_lily":1,"minecraft:glass":1,"minecraft:cobblestone":100,"minecraft:oak_planks":12,"minecraft:wall_torch":9,"minecraft:deepslate_copper_ore":1,"minecraft:chain":3,"minecraft:birch_log":2,"minecraft:grass":25,"minecraft:oak_log":7,"minecraft:sand":311,"minecraft:dirt":248,"minecraft:oak_leaves":7,"minecraft:deepslate":116,"iceandfire:lightning_lily":1,"minecraft:tuff":269,"minecraft:blue_stained_glass_pane":3,"iceandfire:silver_ore":40,"minecraft:dark_oak_leaves":20,"minecraft:deepslate_diamond_ore":24,"minecraft:dark_oak_log":75,"minecraft:glow_lichen":1,"minecraft:spruce_leaves":71,"minecraft:moss_block":9,"minecraft:kelp":1,"minecraft:large_fern":20,"minecraft:hay_block":12,"minecraft:spruce_sapling":1,"iceandfire:copper_ore":15,"minecraft:andesite":1,"minecraft:stripped_spruce_log":1,"minecraft:potatoes":17,"minecraft:deepslate_iron_ore":66,"minecraft:vine":1,"minecraft:bamboo":1,"minecraft:stone":291,"iceandfire:pixie_jar_empty":1,"minecraft:podzol":6,"minecraft:acacia_leaves":11,"minecraft:glass_pane":6,"minecraft:stripped_dark_oak_log":1,"minecraft:basalt":2,"minecraft:oak_fence":1,"minecraft:crafting_table":4,"minecraft:cornflower":1,"minecraft:stone_slab":5,"minecraft:tall_grass":7,"minecraft:deepslate_coal_ore":6,"minecraft:deepslate_gold_ore":9,"minecraft:diorite":7,"minecraft:purple_bed":9,"minecraft:coarse_dirt":10,"minecraft:sweet_berry_bush":49,"minecraft:spruce_log":185,"minecraft:birch_leaves":1,"minecraft:coal_ore":179,"iceandfire:silver_pile":3,"minecraft:gravel":9,"minecraft:cobweb":74,"minecraft:terracotta":3,"minecraft:stone_bricks":3,"minecraft:deepslate_emerald_ore":1,"minecraft:fern":9},"minecraft:dropped":{"magistuarmory:iron_stylet":2,"minecraft:crafting_table":1,"minecraft:cooked_porkchop":2,"minecraft:crossbow":2,"minecraft:saddle":1,"magistuarmory:rustednorman_helmet":1,"minecraft:dirt":10,"iceandfire:pixie_jar_empty":1,"minecraft:cooked_cod":1,"minecraft:wooden_sword":2,"minecraft:sand":1,"minecraft:dark_oak_planks":15,"minecraft:bone":3,"magistuarmory:rustedchainmail_leggings":1,"minecraft:gravel":1,"minecraft:cobbled_deepslate":11,"tombstone:gift":2,"minecraft:pointed_dripstone":1,"minecraft:rotten_flesh":13,"minecraft:gunpowder":1,"minecraft:leather_leggings":1,"minecraft:arrow":1,"minecraft:bread":1,"minecraft:wheat_seeds":2,"magistuarmory:rustedkettlehat":1,"minecraft:oak_fence":1,"minecraft:cobblestone":6,"minecraft:grass_block":1,"minecraft:coal":2,"minecraft:stick":8,"magistuarmory:rustedcrusader_boots":1,"illagerinvasion:platinum_chunk":5,"tombstone:grave_dust":1,"minecraft:string":2,"minecraft:dandelion":2,"minecraft:pink_tulip":4,"minecraft:stone_shovel":8,"sophisticatedbackpacks:backpack":1,"minecraft:filled_map":1,"minecraft:shield":1,"minecraft:allium":2,"minecraft:spruce_planks":40,"minecraft:iron_chestplate":1,"minecraft:spider_eye":1,"minecraft:stone_bricks":3,"minecraft:wooden_pickaxe":1},"minecraft:killed_by":{"minecraft:creeper":3,"minecraft:pillager":5,"minecraft:vindicator":2,"minecraft:zombie":11,"iceandfire:fire_dragon":6,"minecraft:player":6,"alexsmobs:rocky_roller":1,"alexsmobs:tiger":1,"alexsmobs:centipede_head":2,"minecraft:skeleton":8},"minecraft:broken":{"magistuarmory:rustedcrusader_boots":1,"minecraft:iron_boots":1,"minecraft:iron_chestplate":1,"minecraft:iron_leggings":1,"magistuarmory:rusted_heavymace":1,"minecraft:stone_pickaxe":1,"minecraft:stone_axe":1,"iceandfire:silver_shovel":2,"minecraft:stone_shovel":2,"minecraft:leather_helmet":1,"magistuarmory:rustedcrusader_chestplate":1,"magistuarmory:iron_shortsword":1,"minecraft:iron_pickaxe":4,"minecraft:iron_helmet":1,"magistuarmory:rustedchainmail_leggings":1}},"DataVersion":2975}