{"stats":{"minecraft:picked_up":{"minecraft:iron_chestplate":2,"minecraft:wheat":1,"minecraft:black_carpet":1,"illagerinvasion:platinum_chunk":14,"iceandfire:copper_ore":14,"minecraft:stone_slab":4,"minecraft:enchanted_book":1,"paraglider:goddess_statue":1,"iceandfire:manuscript":1,"minecraft:string":93,"minecraft:raw_copper":16,"minecraft:iron_leggings":2,"minecraft:armor_stand":1,"illagerinvasion:platinum_infused_hatchet":1,"minecraft:cobbled_deepslate":212,"minecraft:gold_nugget":18,"minecraft:smooth_stone":6,"minecraft:comparator":4,"minecraft:spruce_planks":209,"minecraft:iron_pickaxe":1,"minecraft:furnace":2,"minecraft:iron_boots":2,"minecraft:dark_oak_door":1,"minecraft:stick":86,"minecraft:oak_fence":2,"minecraft:spruce_stairs":3,"minecraft:torch":37,"minecraft:acacia_log":5,"iceandfire:silver_ore":40,"magistuarmory:rusted_heavymace":1,"minecraft:porkchop":20,"minecraft:pointed_dripstone":1,"tombstone:grave_dust":12,"minecraft:diorite":2,"magistuarmory:rustedcrusader_chestplate":1,"alexsmobs:centipede_leg":4,"minecraft:cauldron":4,"minecraft:rotten_flesh":49,"alexsmobs:emu_egg":1,"minecraft:iron_bars":2,"minecraft:obsidian":1,"alexsmobs:flying_fish":1,"minecraft:cobblestone":961,"minecraft:birch_log":31,"minecraft:feather":1,"minecraft:potato":214,"paraglider:spirit_orb":16,"minecraft:flint":1,"minecraft:tuff":445,"minecraft:lapis_lazuli":54,"minecraft:dirt":1875,"minecraft:bone":22,"minecraft:bow":2,"minecraft:wheat_seeds":19,"minecraft:raw_gold":9,"minecraft:bell":1,"minecraft:grindstone":1,"magistuarmory:iron_stylet":2,"minecraft:bamboo":11,"minecraft:powered_rail":1,"minecraft:moss_block":9,"minecraft:oak_planks":18,"iceandfire:podium_spruce":1,"minecraft:poisonous_potato":1,"minecraft:sand":326,"minecraft:stripped_spruce_log":1,"minecraft:grass_block":1,"minecraft:dark_oak_log":153,"minecraft:bundle":1,"minecraft:diamond":27,"iceandfire:lectern":1,"minecraft:granite":52,"minecraft:emerald":10,"minecraft:bread":12,"iceandfire:silver_nugget":11,"minecraft:coarse_dirt":33,"minecraft:crafting_table":4,"minecraft:allium":4,"minecraft:clay_ball":268,"iceandfire:fire_lily":1,"minecraft:wooden_pickaxe":1,"minecraft:chain":3,"minecraft:shield":3,"minecraft:cornflower":1,"minecraft:iron_axe":1,"minecraft:wooden_sword":1,"minecraft:iron_shovel":1,"minecraft:beef":17,"magistuarmory:knight_leggings":1,"minecraft:light_gray_wool":1,"magistuarmory:knight_boots":1,"minecraft:minecart":1,"minecraft:sugar_cane":3,"minecraft:chest":14,"minecraft:birch_sapling":1,"minecraft:dark_oak_sapling":45,"minecraft:raw_iron":185,"sophisticatedbackpacks:backpack":1,"magistuarmory:rustedkettlehat":1,"minecraft:redstone":113,"minecraft:dark_oak_planks":66,"iceandfire:silver_ingot":19,"minecraft:arrow":17,"minecraft:stone_shovel":6,"minecraft:cooked_cod":1,"minecraft:hay_block":18,"minecraft:pink_tulip":10,"minecraft:glow_berries":3,"minecraft:mutton":11,"minecraft:rail":15,"minecraft:white_wool":6,"minecraft:basalt":2,"minecraft:leather":13,"magistuarmory:armet":1,"minecraft:filled_map":1,"minecraft:oak_log":16,"minecraft:yellow_bed":4,"minecraft:gunpowder":1,"minecraft:cobblestone_stairs":29,"minecraft:paper":1,"minecraft:white_banner":2,"tombstone:gift":3,"minecraft:cooked_mutton":3,"minecraft:apple":5,"minecraft:stone_bricks":6,"iceandfire:pixie_jar_empty":3,"minecraft:kelp":4,"minecraft:iron_ingot":20,"minecraft:cooked_chicken":4,"minecraft:acacia_sapling":3,"minecraft:book":36,"iceandfire:copper_nugget":28,"minecraft:sweet_berries":171,"minecraft:dandelion":2,"magistuarmory:knight_chestplate":1,"minecraft:gravel":11,"minecraft:spruce_sapling":101,"minecraft:white_bed":7,"minecraft:spruce_log":259,"magistuarmory:rustedchainmail_leggings":2,"minecraft:spruce_door":2,"minecraft:spider_eye":5,"minecraft:leather_helmet":1,"minecraft:purple_bed":8,"magistuarmory:rustedcrusader_boots":2,"minecraft:iron_helmet":2,"minecraft:terracotta":7,"tombstone:magic_scroll":3,"minecraft:melon_seeds":3,"minecraft:stripped_dark_oak_log":2,"minecraft:coal":352},"minecraft:custom":{"minecraft:interact_with_crafting_table":132,"minecraft:bell_ring":1,"minecraft:leave_game":17,"minecraft:time_since_death":174567,"minecraft:sprint_one_cm":2237982,"minecraft:damage_blocked_by_shield":2301,"minecraft:drop":72,"minecraft:talked_to_villager":1,"minecraft:play_time":1021884,"minecraft:deaths":63,"tombstone:tomb_raiding":1,"minecraft:jump":15830,"minecraft:walk_on_water_one_cm":140001,"minecraft:interact_with_furnace":115,"minecraft:sleep_in_bed":40,"tombstone:sneak_grave":3,"minecraft:damage_dealt":27461,"minecraft:player_kills":6,"minecraft:crouch_one_cm":294094,"tombstone:undead_killed":62,"minecraft:mob_kills":143,"minecraft:climb_one_cm":23758,"minecraft:walk_one_cm":2220096,"minecraft:damage_dealt_absorbed":6,"minecraft:sneak_time":93983,"minecraft:walk_under_water_one_cm":141701,"minecraft:boat_one_cm":55446,"minecraft:interact_with_blast_furnace":26,"minecraft:total_world_time":1025537,"tombstone:raider_killed":22,"minecraft:time_since_rest":15126,"minecraft:damage_taken":27118,"minecraft:swim_one_cm":228523,"minecraft:fly_one_cm":3070992,"minecraft:open_chest":279,"minecraft:fall_one_cm":370209},"minecraft:crafted":{"minecraft:brick":252,"minecraft:smooth_stone":9,"minecraft:oak_planks":24,"iceandfire:silver_shovel":3,"minecraft:birch_slab":6,"minecraft:blue_stained_glass_pane":24,"minecraft:cobblestone_stairs":56,"minecraft:stone":9,"minecraft:bookshelf":1,"magistuarmory:iron_shortsword":1,"minecraft:iron_bars":16,"minecraft:dark_oak_door":3,"minecraft:glass":267,"minecraft:iron_boots":1,"minecraft:chest":13,"minecraft:bricks":59,"magistuarmory:pole":1,"iceandfire:silver_axe":1,"magistuarmory:steel_nugget":9,"magistuarmory:steel_chainmorgenstern":1,"minecraft:blue_stained_glass":8,"magistuarmory:iron_stylet":1,"magistuarmory:wood_kiteshield":2,"sophisticatedbackpacks:backpack":1,"minecraft:cooked_porkchop":9,"minecraft:crafting_table":6,"minecraft:spruce_planks":836,"minecraft:iron_helmet":1,"minecraft:baked_potato":71,"magistuarmory:steel_chain":1,"minecraft:spruce_door":3,"minecraft:birch_planks":96,"magistuarmory:stone_kiteshield":1,"minecraft:lectern":1,"minecraft:diamond_pickaxe":1,"minecraft:shield":1,"minecraft:stick":129,"minecraft:iron_ingot":148,"minecraft:iron_pickaxe":3,"minecraft:composter":1,"magistuarmory:leather_strip":6,"minecraft:wooden_sword":1,"mca:blueprint":2,"minecraft:stone_shovel":1,"magistuarmory:iron_kiteshield":1,"magistuarmory:wood_heatershield":1,"minecraft:furnace":8,"minecraft:blast_furnace":1,"mca:book_blueprint":1,"minecraft:bone_meal":24,"minecraft:glass_pane":176,"magistuarmory:hilt":6,"minecraft:iron_axe":2,"magistuarmory:steel_ingot":20,"minecraft:spruce_slab":18,"mca:book_supporters":1,"minecraft:stone_pickaxe":2,"magistuarmory:iron_ahlspiess":1,"magistuarmory:steel_ring":8,"minecraft:dark_oak_planks":196,"sophisticatedbackpacks:iron_backpack":1,"minecraft:wheat":108,"minecraft:cooked_beef":10,"paraglider:paraglider":1,"iceandfire:silver_ingot":20,"minecraft:dried_kelp":4,"magistuarmory:wood_heavymace":1,"minecraft:bucket":2,"minecraft:stone_axe":2,"minecraft:bread":38,"minecraft:air":0,"minecraft:blue_dye":6,"minecraft:white_wool":21,"minecraft:wooden_axe":1,"minecraft:iron_shovel":1,"minecraft:white_bed":7,"minecraft:torch":344,"iceandfire:silver_pickaxe":1,"iceandfire:silver_hoe":2},"minecraft:used":{"magistuarmory:wood_heavymace":50,"minecraft:writable_book":1,"magistuarmory:rusted_heavymace":70,"minecraft:iron_shovel":578,"minecraft:spruce_slab":3,"minecraft:shield":20,"minecraft:chest":21,"minecraft:stone":21,"minecraft:iron_sword":47,"magistuarmory:wood_heatershield":37,"minecraft:bell":1,"minecraft:iron_chestplate":1,"paraglider:goddess_statue":1,"minecraft:mutton":9,"minecraft:blue_stained_glass":2,"minecraft:carrot":10,"minecraft:tuff":7,"minecraft:axolotl_bucket":2,"minecraft:glass":1,"minecraft:lava_bucket":3,"minecraft:bricks":43,"minecraft:grass_block":21,"minecraft:iron_helmet":1,"minecraft:dark_oak_slab":16,"minecraft:bow":1,"minecraft:sweet_berries":119,"minecraft:furnace":9,"minecraft:potato":129,"magistuarmory:iron_shortsword":177,"iceandfire:pixie_jar_empty":1,"minecraft:dark_oak_sapling":1,"minecraft:diorite":2,"minecraft:spruce_door":5,"minecraft:oak_planks":3,"minecraft:stone_pickaxe":152,"minecraft:wooden_pickaxe":27,"minecraft:redstone_block":8,"minecraft:composter":1,"minecraft:clay":3,"magistuarmory:diamond_shortsword":1,"minecraft:blast_furnace":1,"iceandfire:silver_axe":383,"iceandfire:silver_pickaxe":461,"minecraft:lever":5,"minecraft:dark_oak_log":5,"minecraft:bread":79,"minecraft:stone_button":3,"minecraft:lectern":1,"magistuarmory:iron_ahlspiess":17,"tombstone:grave_key":18,"minecraft:gravel":1,"minecraft:wooden_sword":25,"minecraft:grindstone":1,"minecraft:birch_log":4,"iceandfire:fire_lily":1,"minecraft:coarse_dirt":13,"minecraft:bone_meal":24,"minecraft:iron_bars":6,"minecraft:armor_stand":1,"minecraft:stone_shovel":272,"minecraft:dried_kelp":4,"magistuarmory:iron_kiteshield":7,"minecraft:spruce_planks":514,"minecraft:cooked_chicken":6,"minecraft:torch":393,"minecraft:dirt":914,"minecraft:light_blue_stained_glass":1,"minecraft:granite":36,"minecraft:dark_oak_planks":81,"minecraft:wooden_axe":34,"minecraft:iron_axe":303,"minecraft:basalt":2,"minecraft:beef":5,"minecraft:podzol":8,"tombstone:gift":11,"minecraft:cooked_beef":10,"minecraft:cobbled_deepslate":121,"minecraft:cooked_mutton":4,"minecraft:wheat_seeds":3,"minecraft:water_bucket":132,"minecraft:cobblestone_stairs":74,"minecraft:birch_planks":66,"minecraft:baked_potato":63,"magistuarmory:iron_stylet":185,"minecraft:comparator":7,"minecraft:crafting_table":9,"minecraft:magenta_bed":1,"minecraft:white_bed":27,"minecraft:spruce_log":24,"minecraft:dark_oak_door":2,"alexsmobs:flying_fish":1,"minecraft:oak_log":6,"minecraft:blue_stained_glass_pane":7,"minecraft:diamond_pickaxe":750,"minecraft:apple":3,"minecraft:command_block":41,"minecraft:iron_pickaxe":1003,"minecraft:stone_slab":3,"minecraft:stone_axe":139,"iceandfire:silver_hoe":63,"minecraft:cobblestone":651,"minecraft:purple_bed":8,"minecraft:porkchop":10,"minecraft:cooked_porkchop":15,"minecraft:bucket":137,"minecraft:glass_pane":71,"minecraft:yellow_bed":4,"iceandfire:silver_shovel":1288,"alexsmobs:emu_egg":1},"minecraft:killed":{"minecraft:cave_spider":5,"iceandfire:hippogryph":1,"minecraft:spider":17,"minecraft:skeleton":18,"minecraft:silverfish":3,"alexsmobs:centipede_head":3,"minecraft:skeleton_horse":1,"minecraft:pig":9,"minecraft:creeper":2,"minecraft:sheep":7,"minecraft:pillager":20,"minecraft:zombie":43,"minecraft:cow":7,"alexsmobs:tiger":1,"minecraft:vindicator":1,"illagerinvasion:marauder":1,"alexsmobs:tasmanian_devil":1,"alexsmobs:flying_fish":1,"minecraft:bat":1},"minecraft:mined":{"minecraft:dark_oak_planks":66,"minecraft:white_bed":6,"minecraft:spruce_planks":158,"minecraft:farmland":1,"iceandfire:copper_pile":4,"minecraft:cobblestone_stairs":29,"minecraft:obsidian":1,"minecraft:granite":64,"minecraft:acacia_log":5,"minecraft:grass_block":1039,"iceandfire:lectern":1,"minecraft:spawner":7,"minecraft:iron_ore":121,"minecraft:cobbled_deepslate":79,"minecraft:fire":7,"minecraft:deepslate_lapis_ore":8,"minecraft:dirt_path":42,"iceandfire:gold_pile":3,"minecraft:water_cauldron":4,"minecraft:iron_bars":2,"minecraft:pink_tulip":1,"minecraft:deepslate_redstone_ore":24,"minecraft:kelp_plant":3,"minecraft:powder_snow":2,"minecraft:clay":68,"minecraft:torch":9,"minecraft:chest":12,"iceandfire:fire_lily":1,"minecraft:glass":1,"minecraft:cobblestone":149,"minecraft:grindstone":1,"minecraft:sugar_cane":1,"minecraft:oak_planks":18,"minecraft:wall_torch":10,"minecraft:deepslate_copper_ore":3,"minecraft:chain":3,"minecraft:birch_log":30,"minecraft:grass":25,"minecraft:oak_log":16,"minecraft:dark_oak_sapling":1,"minecraft:sand":311,"minecraft:dirt":492,"minecraft:deepslate":116,"minecraft:oak_leaves":31,"iceandfire:lightning_lily":1,"minecraft:tuff":434,"minecraft:blue_stained_glass_pane":3,"iceandfire:silver_ore":40,"minecraft:dark_oak_leaves":32,"minecraft:deepslate_diamond_ore":24,"minecraft:dark_oak_log":154,"minecraft:glow_lichen":1,"minecraft:spruce_leaves":73,"minecraft:kelp":1,"minecraft:moss_block":9,"minecraft:large_fern":22,"minecraft:hay_block":18,"minecraft:furnace":2,"minecraft:spruce_sapling":1,"iceandfire:copper_ore":15,"minecraft:andesite":1,"minecraft:stripped_spruce_log":1,"minecraft:bell":1,"minecraft:bookshelf":12,"minecraft:potatoes":46,"minecraft:deepslate_iron_ore":66,"minecraft:vine":1,"minecraft:bamboo":1,"minecraft:stone":797,"iceandfire:podium_spruce":1,"iceandfire:pixie_jar_empty":1,"minecraft:podzol":6,"minecraft:acacia_leaves":23,"minecraft:glass_pane":9,"minecraft:stripped_dark_oak_log":2,"minecraft:basalt":2,"minecraft:oak_fence":1,"minecraft:crafting_table":4,"minecraft:cornflower":1,"minecraft:stone_slab":5,"minecraft:tall_grass":7,"minecraft:deepslate_coal_ore":15,"minecraft:deepslate_gold_ore":9,"minecraft:diorite":7,"minecraft:spruce_stairs":3,"minecraft:purple_bed":9,"minecraft:coarse_dirt":34,"minecraft:sweet_berry_bush":59,"minecraft:spruce_log":197,"minecraft:birch_leaves":4,"minecraft:yellow_bed":4,"minecraft:coal_ore":325,"iceandfire:silver_pile":3,"minecraft:gravel":11,"minecraft:cobweb":74,"minecraft:terracotta":7,"minecraft:stone_bricks":3,"minecraft:deepslate_emerald_ore":1,"minecraft:fern":10,"paraglider:goddess_statue":1},"minecraft:dropped":{"magistuarmory:iron_stylet":2,"minecraft:crafting_table":1,"minecraft:cooked_porkchop":2,"minecraft:crossbow":2,"minecraft:saddle":1,"magistuarmory:rustednorman_helmet":1,"minecraft:dirt":10,"iceandfire:pixie_jar_empty":1,"minecraft:cooked_cod":1,"minecraft:wooden_sword":2,"minecraft:sand":1,"minecraft:dark_oak_planks":15,"minecraft:bone":3,"magistuarmory:rustedchainmail_leggings":1,"minecraft:gravel":1,"minecraft:cobbled_deepslate":11,"tombstone:gift":2,"minecraft:pointed_dripstone":1,"minecraft:rotten_flesh":13,"minecraft:gunpowder":1,"minecraft:leather_leggings":1,"minecraft:arrow":1,"minecraft:bread":1,"magistuarmory:rustedkettlehat":1,"minecraft:wheat_seeds":2,"minecraft:oak_fence":1,"minecraft:cobblestone":6,"minecraft:grass_block":1,"minecraft:coal":2,"minecraft:stick":8,"magistuarmory:rustedcrusader_boots":1,"illagerinvasion:platinum_chunk":5,"tombstone:grave_dust":1,"minecraft:string":2,"minecraft:pink_tulip":4,"minecraft:dandelion":2,"minecraft:stone_shovel":8,"sophisticatedbackpacks:backpack":1,"minecraft:filled_map":1,"minecraft:potato":9,"minecraft:shield":1,"minecraft:allium":2,"minecraft:spruce_planks":40,"minecraft:iron_chestplate":1,"minecraft:spider_eye":1,"minecraft:stone_bricks":3,"minecraft:wooden_pickaxe":1},"minecraft:killed_by":{"minecraft:creeper":3,"minecraft:pillager":5,"minecraft:vindicator":2,"minecraft:zombie":11,"iceandfire:fire_dragon":6,"minecraft:player":6,"alexsmobs:rocky_roller":1,"alexsmobs:tiger":1,"alexsmobs:centipede_head":2,"minecraft:skeleton":8,"illagerinvasion:marauder":1},"minecraft:broken":{"magistuarmory:rustedcrusader_boots":1,"minecraft:iron_shovel":1,"minecraft:iron_boots":1,"minecraft:iron_chestplate":1,"minecraft:iron_leggings":1,"iceandfire:silver_pickaxe":1,"magistuarmory:rusted_heavymace":1,"minecraft:stone_pickaxe":1,"minecraft:stone_axe":1,"iceandfire:silver_shovel":2,"minecraft:stone_shovel":2,"minecraft:leather_helmet":1,"magistuarmory:rustedcrusader_chestplate":1,"magistuarmory:iron_shortsword":1,"minecraft:iron_pickaxe":4,"minecraft:iron_helmet":1,"iceandfire:silver_axe":1,"magistuarmory:rustedchainmail_leggings":1}},"DataVersion":2975}