{
  "betteranimalsplus:bad_fox": {
    "criteria": {
      "no_bam": "2024-06-13 21:57:20 +0000"
    },
    "done": false
  },
  "tombstone:adventure/enchant_grave_key": {
    "criteria": {
      "has_upgraded_grave_key": "2024-06-13 21:57:42 +0000"
    },
    "done": true
  },
  "iceandfire:iceandfire/root": {
    "criteria": {
      "tick": "2024-06-13 21:57:10 +0000"
    },
    "done": true
  },
  "nethers_exoticism:nethers_exoticism_adv": {
    "criteria": {
      "nethers_exoticism_adv": "2024-06-13 21:57:09 +0000"
    },
    "done": true
  },
  "minecraft:adventure/kill_a_mob": {
    "criteria": {
      "minecraft:zombie": "2024-06-13 21:59:16 +0000"
    },
    "done": true
  },
  "tombstone:adventure/root": {
    "criteria": {
      "auto": "2024-06-13 21:57:09 +0000"
    },
    "done": true
  },
  "minecraft:adventure/kill_all_mobs": {
    "criteria": {
      "minecraft:zombie": "2024-06-13 21:59:16 +0000"
    },
    "done": false
  },
  "tombstone:adventure/chain_death": {
    "criteria": {
      "coded_trigger": "2024-06-13 21:58:46 +0000"
    },
    "done": true
  },
  "tombstone:adventure/first_knowledge": {
    "criteria": {
      "coded_trigger": "2024-06-13 21:58:46 +0000"
    },
    "done": true
  },
  "tombstone:adventure/first_grave": {
    "criteria": {
      "coded_trigger": "2024-06-13 21:57:38 +0000"
    },
    "done": true
  },
  "betteranimalsplus:root": {
    "criteria": {
      "tick": "2024-06-13 21:57:10 +0000"
    },
    "done": true
  },
  "tombstone:recipes/from_grave_key": {
    "criteria": {
      "has_ingredient": "2024-06-13 21:57:42 +0000"
    },
    "done": true
  },
  "minecraft:adventure/root": {
    "criteria": {
      "killed_by_something": "2024-06-13 21:57:38 +0000"
    },
    "done": true
  },
  "tombstone:adventure/cancel_ghostly_shape": {
    "criteria": {
      "coded_trigger": "2024-06-13 21:58:22 +0000"
    },
    "done": true
  },
  "DataVersion": 2975
}